cancer,feature,burden_variable,intercept,slope,residual_mean,residual_sd,n_reference
acc,jsd_neutral,burden_total,-0.139343093396672,1.01214054684871,7.02322073954499e-19,0.0622338992842723,90
acc,ent_state_size,burden_total,1.62020586870222,1.63569532730682,4.25007251614318e-18,0.464487629328884,90
acc,ent_chr_sd,burden_total,0.23969513379782,0.272521316004082,-1.66310589913874e-17,0.165925950934404,90
acc,ent_chr_mean,burden_total,0.0876100637347112,0.458421466308073,-1.07137244677776e-17,0.288533974783932,90
acc,ent_ampclass,burden_total,0.978555031027267,0.41765717251574,3.0620881023692e-17,0.373342398451226,90
acc,ent_transition,burden_total,3.56486168073292,1.65255148944431,-4.68977673054008e-18,0.490950393427931,90
blca,jsd_neutral,burden_total,-0.0871274326729648,0.916171412911918,-1.92752637189914e-18,0.054296838968131,391
blca,ent_state_size,burden_total,1.61018006006462,2.15148934077701,-4.64133154885525e-17,0.422072283290321,391
blca,ent_chr_sd,burden_total,0.28534767592274,0.385734718105591,2.84929752038176e-18,0.124437431008083,391
blca,ent_chr_mean,burden_total,0.163144110983443,0.85893429908366,-3.65556023728485e-18,0.31575158311348,391
blca,ent_ampclass,burden_total,0.826951057155915,0.837793194672608,-3.33343642366611e-18,0.394960081339597,391
blca,ent_transition,burden_total,3.28550798036474,2.30596567916574,-1.78564770333664e-17,0.52566166299609,391
brca,jsd_neutral,burden_total,-0.0749087502560212,0.888322340462348,-8.80863363634027e-19,0.0511990218379032,1065
brca,ent_state_size,burden_total,1.59799228956294,2.02235857362693,-3.08870365382255e-19,0.536156422967749,1065
brca,ent_chr_sd,burden_total,0.374383596689685,0.296777397074369,3.40994388157913e-18,0.140044028836775,1065
brca,ent_chr_mean,burden_total,0.228825786450939,0.702045704003631,2.38114720787726e-18,0.344218739739396,1065
brca,ent_ampclass,burden_total,0.827205787989913,0.745947819882722,6.91802428462464e-19,0.41933441653926,1065
brca,ent_transition,burden_total,3.47227507147404,1.89934175576289,1.60942686294011e-17,0.642550296033801,1065
cesc,jsd_neutral,burden_total,-0.0916842469551023,0.936336536764777,-2.270875501386e-18,0.0491287561839179,299
cesc,ent_state_size,burden_total,1.82051962615906,1.38061983517849,-3.94590440122721e-18,0.451447464562679,299
cesc,ent_chr_sd,burden_total,0.398251024178053,0.174948571160702,-2.79381494597247e-18,0.118826975434229,299
cesc,ent_chr_mean,burden_total,0.267957138730305,0.354543400279228,1.79011206522335e-18,0.227813659458839,299
cesc,ent_ampclass,burden_total,1.0256671730247,0.212272415883653,-4.91589593725284e-18,0.399199784948772,299
cesc,ent_transition,burden_total,3.46927802385494,1.70156754097696,-2.01262733717844e-17,0.566834901753344,299
chol,jsd_neutral,burden_total,-0.075380657360857,0.845467943649093,-8.90315448533008e-19,0.0304168299737847,36
chol,ent_state_size,burden_total,1.70352419788303,1.98653223364063,1.57066260557084e-17,0.337027851791782,36
chol,ent_chr_sd,burden_total,0.323546760317216,0.347557945437417,2.313235214605e-18,0.11330883365986,36
chol,ent_chr_mean,burden_total,0.232123882656776,0.370356623275032,-1.73472347597681e-18,0.124190677579827,36
chol,ent_ampclass,burden_total,0.783993170763658,1.04684876875202,-1.77250114542435e-17,0.290646380659521,36
chol,ent_transition,burden_total,3.05127490237715,2.65066144692109,2.31311521827081e-17,0.404815796679417,36
coad,jsd_neutral,burden_total,-0.0675052319426515,0.903979824254724,-1.43785251387793e-18,0.0526768556856579,451
coad,ent_state_size,burden_total,1.5379348944337,1.77126160401968,-6.72529886393974e-18,0.457499560621039,451
coad,ent_chr_sd,burden_total,0.206215914025998,0.360145032125541,-2.53693692377817e-18,0.149816613964541,451
coad,ent_chr_mean,burden_total,0.112134550238078,0.393404296706349,2.8121944598083e-18,0.188085075330163,451
coad,ent_ampclass,burden_total,0.708264868069093,0.78631694839087,1.72092453923608e-17,0.421838988402109,451
coad,ent_transition,burden_total,3.1116875651123,1.99888877129493,9.52559354380613e-18,0.563297553535844,451
dlbc,jsd_neutral,burden_total,-0.0656853170883815,0.951684290888425,4.70553271979366e-19,0.0465959076516322,48
dlbc,ent_state_size,burden_total,1.51972602221056,1.47413289500107,-1.41731199620905e-17,0.461494350239625,48
dlbc,ent_chr_sd,burden_total,0.258116399327564,0.262928432123293,-7.15573433840433e-18,0.124910869603695,48
dlbc,ent_chr_mean,burden_total,0.13605586430384,0.355413588836477,-8.81563657070701e-18,0.163858253115746,48
dlbc,ent_ampclass,burden_total,0.720544437242514,0.407719976253955,-2.45441913682721e-18,0.36512417834862,48
dlbc,ent_transition,burden_total,3.24980253721106,1.52138288130048,-4.33680868994202e-19,0.536389689723695,48
esca,jsd_neutral,burden_total,-0.117738405744911,0.921623547980631,-2.55423016674301e-18,0.0444610731421879,183
esca,ent_state_size,burden_total,1.78006501490043,2.11732839935152,-3.61862843120599e-17,0.401151561195389,183
esca,ent_chr_sd,burden_total,0.336560125531927,0.377531258297379,-8.90980534290312e-18,0.113268938872929,183
esca,ent_chr_mean,burden_total,0.303612714788936,0.703132647694826,9.59859587266709e-18,0.259841971750686,183
esca,ent_ampclass,burden_total,1.08980044691287,0.72341736548186,4.1318174595158e-17,0.365720689428271,183
esca,ent_transition,burden_total,3.32631149528019,2.47598420878194,-7.36072556883055e-18,0.435268357123327,183
gbm,jsd_neutral,burden_total,-0.0863233413361601,0.945059042706064,-2.08357986582887e-18,0.0361563145736589,505
gbm,ent_state_size,burden_total,1.84448963313654,0.938726236138687,-4.03784799188537e-18,0.358097160339867,505
gbm,ent_chr_sd,burden_total,0.243769053513381,0.190006536703918,2.89464536206795e-18,0.106709522416739,505
gbm,ent_chr_mean,burden_total,0.132283175003623,0.242991082857187,-4.45992199356274e-18,0.145511952965742,505
gbm,ent_ampclass,burden_total,0.96510299895137,0.131677637806734,-6.41738997527296e-18,0.297280900621019,505
gbm,ent_transition,burden_total,3.27578409428308,1.48818355493704,7.91789626163671e-19,0.575010811436975,505
hnsc,jsd_neutral,burden_total,-0.0934968662839768,0.917190567547218,-5.50380997455835e-19,0.0516065119453776,516
hnsc,ent_state_size,burden_total,1.67248165648055,1.92913518979183,1.28282548908445e-17,0.482066742022487,516
hnsc,ent_chr_sd,burden_total,0.348050002736536,0.304175984034582,4.89671716651774e-18,0.133732439918777,516
hnsc,ent_chr_mean,burden_total,0.217006703989418,0.661771702370603,1.08004662228013e-17,0.238543791843998,516
hnsc,ent_ampclass,burden_total,0.978462903043144,0.635494124223609,-1.04515723669052e-17,0.422358735563923,516
hnsc,ent_transition,burden_total,3.43173858643433,2.04500777399021,-6.9506604391125e-19,0.539805357805028,516
kich,jsd_neutral,burden_total,-0.12801458463191,0.943608992910512,1.10520858957741e-18,0.0576651927416402,65
kich,ent_state_size,burden_total,1.22027837619982,1.8076325186318,1.57864006322245e-17,0.389426600901112,65
kich,ent_chr_sd,burden_total,-0.00559659539666088,0.388922288653827,-4.20962343509276e-19,0.143335984627053,65
kich,ent_chr_mean,burden_total,-0.0590959709163745,0.380121889335829,-3.87331226120446e-18,0.146612571018742,65
kich,ent_ampclass,burden_total,0.678057109557151,1.02255429178741,6.41128359670058e-18,0.315353827467393,65
kich,ent_transition,burden_total,2.57232453670488,2.31338345929219,-1.04683889761831e-17,0.525708509665756,65
kirc,jsd_neutral,burden_total,-0.0647518038008173,0.908033350498248,1.75090756180396e-19,0.0436948910658229,515
kirc,ent_state_size,burden_total,1.57281779677295,1.35096719032209,-1.2592745077552e-17,0.435919682267638,515
kirc,ent_chr_sd,burden_total,0.250048352490357,0.172564792253467,3.21728442119392e-18,0.103368806779599,515
kirc,ent_chr_mean,burden_total,0.110976770687884,0.280801900642523,7.50653426705283e-18,0.15617187971401,515
kirc,ent_ampclass,burden_total,0.757138033042288,0.530348315204482,-7.08099807214562e-18,0.378968447528847,515
kirc,ent_transition,burden_total,3.12123453758869,1.56375337371396,9.26627070819826e-18,0.767002322740578,515
kirp,jsd_neutral,burden_total,-0.0731087901207818,0.909088465405239,-2.42176932073978e-18,0.0451919577268926,282
kirp,ent_state_size,burden_total,1.47657893775883,1.34833740617418,-1.59729388211626e-17,0.392745380245747,282
kirp,ent_chr_sd,burden_total,0.108690665899934,0.277643275286075,-9.12656975025974e-18,0.143589921827424,282
kirp,ent_chr_mean,burden_total,0.0140781638638423,0.334552643679435,1.55894912110687e-18,0.151521884371637,282
kirp,ent_ampclass,burden_total,0.808197545443027,0.492404912361578,1.23212656463579e-18,0.347720270842399,282
kirp,ent_transition,burden_total,3.19125718741599,1.63018423084697,-2.6912819884392e-19,0.531671608540103,282
lgg,jsd_neutral,burden_total,-0.0538370271069497,0.946710294268738,2.03060695347291e-19,0.0339274508357486,507
lgg,ent_state_size,burden_total,1.44910715153794,0.874352238999478,1.55990389491036e-18,0.412381129351652,507
lgg,ent_chr_sd,burden_total,0.277102345761233,0.160651963186288,-1.86672027892881e-18,0.115499017528919,507
lgg,ent_chr_mean,burden_total,0.127122286543141,0.229075589621481,-1.44819578645826e-18,0.147027673294093,507
lgg,ent_ampclass,burden_total,0.614816276766759,0.350794697766762,3.07757308980772e-18,0.278711644803865,507
lgg,ent_transition,burden_total,3.18334967977181,1.1898388801178,-6.40973053589631e-18,0.575750180613162,507
lihc,jsd_neutral,burden_total,-0.0852292540144831,0.918480510086991,8.87174943450265e-20,0.0437505635056742,368
lihc,ent_state_size,burden_total,1.68863412504752,1.7494324619264,-1.97637092757263e-17,0.392706103372672,368
lihc,ent_chr_sd,burden_total,0.339709915026275,0.277956667902046,2.40089647523259e-18,0.115625811668259,368
lihc,ent_chr_mean,burden_total,0.18647555581497,0.471750809406728,-9.41664941222329e-18,0.18756730882778,368
lihc,ent_ampclass,burden_total,0.926151233993752,0.538347383664547,-2.44299032995919e-18,0.361013388498985,368
lihc,ent_transition,burden_total,3.24706596939366,2.04870882342935,-7.20861865632856e-18,0.541552053307997,368
luad,jsd_neutral,burden_total,-0.105626226625872,0.92879085210308,-9.2508244099648e-19,0.0560892192260358,498
luad,ent_state_size,burden_total,1.60499772437453,2.24481481986859,-1.51429080536605e-18,0.437248865330935,498
luad,ent_chr_sd,burden_total,0.339411939268851,0.351012075481702,-6.471250075293e-18,0.117682827213413,498
luad,ent_chr_mean,burden_total,0.215793465070375,0.751200767729196,1.42165465588963e-18,0.267212107244676,498
luad,ent_ampclass,burden_total,1.01515239233759,0.623137843507612,-5.15104887570422e-19,0.426391442848968,498
luad,ent_transition,burden_total,3.34678250276519,2.23070880649258,-3.35857748280939e-17,0.545175281053898,498
lusc,jsd_neutral,burden_total,-0.124456021125905,0.918676371142208,1.31755280656105e-19,0.0466091245052541,488
lusc,ent_state_size,burden_total,1.64158707601849,2.44862429408568,1.1397119906813e-17,0.377864174265849,488
lusc,ent_chr_sd,burden_total,0.346328389767198,0.387141946679799,2.17195910619227e-18,0.112157868002612,488
lusc,ent_chr_mean,burden_total,0.220502004639257,0.921771287580072,2.86032264803611e-18,0.242728875314784,488
lusc,ent_ampclass,burden_total,1.12306996008163,0.733982604343032,8.0933026105127e-18,0.363058223387299,488
lusc,ent_transition,burden_total,3.24423328312883,2.60389227757346,6.72768415564147e-18,0.582797659308086,488
meso,jsd_neutral,burden_total,-0.0860520286017375,0.921127006638231,7.82250234613694e-19,0.0502174717739308,83
meso,ent_state_size,burden_total,1.64547647290474,1.80087689908199,-6.83765815888599e-18,0.361413292774884,83
meso,ent_chr_sd,burden_total,0.31302282431659,0.264461426665527,1.64557070697423e-18,0.122591425412699,83
meso,ent_chr_mean,burden_total,0.171277597534575,0.505917926265973,3.54978241413176e-18,0.162878694522641,83
meso,ent_ampclass,burden_total,0.829517586835423,0.739339755379664,2.17885448639256e-18,0.324497279965202,83
meso,ent_transition,burden_total,3.15708552500883,2.16824782230527,-5.70071542891362e-18,0.449527859686171,83
ov,jsd_neutral,burden_total,-0.157883038871729,0.971974044289704,-2.98996536618558e-19,0.0385773217099817,556
ov,ent_state_size,burden_total,1.85286334471388,2.06178788301986,8.28751660622913e-19,0.30738069519383,556
ov,ent_chr_sd,burden_total,0.402635230608402,0.29942586638038,3.72470855718768e-18,0.0933832665517962,556
ov,ent_chr_mean,burden_total,0.422763221355869,0.863131966821946,7.60964649793727e-18,0.297973566254174,556
ov,ent_ampclass,burden_total,1.37981041631039,0.239566367778751,7.12131676943964e-18,0.30273833260485,556
ov,ent_transition,burden_total,2.509045417451,3.09197007644266,1.9302881490923e-17,0.450240570842154,556
paad,jsd_neutral,burden_total,-0.0409833085437687,0.808815019850921,6.75061860261477e-19,0.0412000522277818,181
paad,ent_state_size,burden_total,1.23479341086268,2.58952976944739,2.01183896219013e-17,0.418197131250772,181
paad,ent_chr_sd,burden_total,0.173666860723797,0.571212372908107,3.72492332022161e-18,0.148917517262689,181
paad,ent_chr_mean,burden_total,0.0933044944411389,0.70758102068788,4.99788748696374e-18,0.187265174619898,181
paad,ent_ampclass,burden_total,0.454287104070296,1.66102691303573,-5.93331136409505e-18,0.361951981649553,181
paad,ent_transition,burden_total,3.09085225404985,2.5397375515635,2.43046978721543e-19,0.589890223580067,181
pcpg,jsd_neutral,burden_total,-0.0626133040773514,0.93685035715849,3.6287518892187e-19,0.0393904579764673,162
pcpg,ent_state_size,burden_total,1.38616548499537,1.01764249939803,1.31921303228074e-17,0.363644928389005,162
pcpg,ent_chr_sd,burden_total,0.251457915272207,0.1485019821084,-1.46066126015408e-18,0.128034776616606,162
pcpg,ent_chr_mean,burden_total,0.114865682178906,0.174449706958889,2.24716795186878e-18,0.113921386921209,162
pcpg,ent_ampclass,burden_total,0.654564680252818,0.377903188103145,-1.82666315094298e-19,0.279795468715845,162
pcpg,ent_transition,burden_total,3.0844977342464,1.30626834721834,-1.30975972630151e-17,0.5443576760685,162
prad,jsd_neutral,burden_total,-0.0524657060737905,0.934098704800736,-1.10889858578302e-18,0.0343641868172384,486
prad,ent_state_size,burden_total,1.54284209758709,1.18556277773262,-3.22405139851039e-17,0.4555362046081,486
prad,ent_chr_sd,burden_total,0.244213760529725,0.273750803383136,-5.418448849192e-18,0.127551740104748,486
prad,ent_chr_mean,burden_total,0.166015441323853,0.412095002713282,9.27818278882143e-18,0.170833994033111,486
prad,ent_ampclass,burden_total,0.60348427597063,0.546166220719022,2.93344729151693e-17,0.314077747359321,486
prad,ent_transition,burden_total,3.04079893030884,1.46161058481247,1.0037905113595e-17,0.577879384423968,486
read,jsd_neutral,burden_total,-0.105272275839632,0.938868994095309,-4.21271326056115e-20,0.051667286074135,166
read,ent_state_size,burden_total,1.77818798096488,1.58939184101195,-1.77031927019395e-18,0.392603678268687,166
read,ent_chr_sd,burden_total,0.291517095715839,0.274577933263978,-2.08766067414359e-18,0.124854390078397,166
read,ent_chr_mean,burden_total,0.188620282296702,0.335031312928275,2.11909274013808e-18,0.18593690839449,166
read,ent_ampclass,burden_total,1.05095900240369,0.42012489322109,-2.23084393996475e-17,0.406934136593152,166
read,ent_transition,burden_total,3.08047043986571,2.01192246625251,-2.41533792109297e-17,0.577574959152807,166
sarc,jsd_neutral,burden_total,-0.0626167500679991,0.850894895272986,-4.56282986864162e-18,0.0442235749628546,248
sarc,ent_state_size,burden_total,1.57303875946936,2.27716207587877,-9.14795583034644e-18,0.520759788374594,248
sarc,ent_chr_sd,burden_total,0.307568935068893,0.392397864128722,1.27940398909015e-18,0.137245177588712,248
sarc,ent_chr_mean,burden_total,0.170965014996349,1.02501226320235,-8.2871517667884e-18,0.332745011531269,248
sarc,ent_ampclass,burden_total,0.689639233217463,1.09363623482702,9.11440239617779e-18,0.39634723555837,248
sarc,ent_transition,burden_total,3.57163863498858,1.80806619673692,1.91338731583185e-17,0.724048045129652,248
skcm,jsd_neutral,burden_total,-0.0913006284114315,0.901728890172497,-7.87836002271687e-19,0.0431668572095264,453
skcm,ent_state_size,burden_total,1.65600015382612,1.91367060332577,2.29525360576953e-18,0.412098208021039,453
skcm,ent_chr_sd,burden_total,0.338572568911013,0.268090297951095,-7.09664093525274e-18,0.124959400802361,453
skcm,ent_chr_mean,burden_total,0.180641192405038,0.4678688246118,-8.96225180343804e-18,0.21573916520527,453
skcm,ent_ampclass,burden_total,0.935204169720036,0.719966254355931,2.05998412772246e-18,0.33999990178946,453
skcm,ent_transition,burden_total,3.26487744339973,2.14661838037703,-1.90896095797188e-17,0.505045149188467,453
stad,jsd_neutral,burden_total,-0.0743820674260341,0.893870419166251,-3.82155384238863e-18,0.0572765045999927,432
stad,ent_state_size,burden_total,1.55914656888698,2.2199097851176,-4.2564848692698e-17,0.520816270660974,432
stad,ent_chr_sd,burden_total,0.214430631274188,0.475628712904346,4.41586509835242e-19,0.158072005956804,432
stad,ent_chr_mean,burden_total,0.126012979445596,0.891902622198638,1.90638881995368e-18,0.304786933943271,432
stad,ent_ampclass,burden_total,0.774433793392726,0.901365081559229,-1.78461685372915e-17,0.463065168678904,432
stad,ent_transition,burden_total,3.26304984410829,2.3299145995408,-1.36350971826308e-17,0.642898325705554,432
tgct,jsd_neutral,burden_total,-0.196281779589118,1.04300029350571,1.09300120131071e-18,0.0582830633525723,134
tgct,ent_state_size,burden_total,1.69031982462469,1.75786470701537,6.13909252517445e-18,0.328081228032752,134
tgct,ent_chr_sd,burden_total,0.273294816398684,0.301114823987335,-5.47683918324954e-18,0.104698515776148,134
tgct,ent_chr_mean,burden_total,0.145758251005369,0.410657879534082,3.00056996765858e-18,0.181688102944221,134
tgct,ent_ampclass,burden_total,1.46567793814551,-0.0554277854939196,-5.17827903276659e-18,0.43301054529384,134
tgct,ent_transition,burden_total,3.55388868287844,1.9498148724401,-7.23583584219244e-18,0.336310716925207,134
thca,jsd_neutral,burden_total,-0.0120798763999463,0.848806774275099,-1.34032418512887e-18,0.0207501123816774,498
thca,ent_state_size,burden_total,0.992576236053288,1.60427464734909,3.50327384202388e-18,0.285517333014443,498
thca,ent_chr_sd,burden_total,0.0552125029697724,0.291388337830063,1.45751170364231e-17,0.0739163755078848,498
thca,ent_chr_mean,burden_total,0.0231610270890048,0.166296994903725,3.22194919746096e-18,0.0365057803287502,498
thca,ent_ampclass,burden_total,0.18431277740402,1.13344700091946,-6.62427389095279e-19,0.186547546499562,498
thca,ent_transition,burden_total,2.98512948671993,1.24402154847453,2.47595418411993e-17,0.576714408781631,498
thym,jsd_neutral,burden_total,-0.0234028903050221,0.88210972650181,4.41012564013059e-19,0.0351246249234208,122
thym,ent_state_size,burden_total,1.1493764355912,1.55732510795566,1.64187755632892e-17,0.328504938151599,122
thym,ent_chr_sd,burden_total,0.0708212120453602,0.400069093339942,1.71850487790479e-19,0.0980796176506387,122
thym,ent_chr_mean,burden_total,0.0291173371282948,0.270144128063624,-3.66140405790187e-19,0.0651229820158011,122
thym,ent_ampclass,burden_total,0.292805027873643,0.880004037481461,1.44678781705443e-18,0.30307891450378,122
thym,ent_transition,burden_total,3.29198269324918,1.36662926813289,5.60763582654388e-19,0.42867508036763,122
ucec,jsd_neutral,burden_total,-0.0293032866107906,0.838848416501388,-2.54645019010256e-18,0.0497378874652639,535
ucec,ent_state_size,burden_total,1.14247063224797,2.48695691335684,-1.3396179123158e-17,0.497120346631578,535
ucec,ent_chr_sd,burden_total,0.13193697442622,0.559711224382228,-1.10645364884792e-17,0.148581758670963,535
ucec,ent_chr_mean,burden_total,0.0433576922459289,0.963724786940506,-6.71719450844728e-18,0.253713692556009,535
ucec,ent_ampclass,burden_total,0.343938797778365,1.2901284758291,-3.19993183416354e-17,0.395205576346325,535
ucec,ent_transition,burden_total,2.99016593803259,2.28951385282743,-1.45493851909204e-17,0.669358106589716,535
ucs,jsd_neutral,burden_total,-0.131083979180581,0.947969706711129,-1.27854029774234e-18,0.0479919075142743,53
ucs,ent_state_size,burden_total,1.89411617385936,1.8645213657831,1.64540465077653e-17,0.330143141553166,53
ucs,ent_chr_sd,burden_total,0.371608548814695,0.274912764690684,3.55996760503377e-18,0.093414584955604,53
ucs,ent_chr_mean,burden_total,0.293566832303424,0.715941603192471,5.62148598111352e-18,0.261593403971378,53
ucs,ent_ampclass,burden_total,1.16209324297751,0.494763429516535,1.97611188419056e-18,0.317895368077282,53
ucs,ent_transition,burden_total,3.39326737393517,2.31784813928664,7.66947740084316e-17,0.452030620694241,53
uvm,jsd_neutral,burden_total,-0.0650993064368893,0.910382457331451,-9.27318804330758e-19,0.0352823728268696,79
uvm,ent_state_size,burden_total,1.55496134450368,1.17747598245807,-9.41621867009711e-19,0.310149182174923,79
uvm,ent_chr_sd,burden_total,0.266894412369021,0.174592050184203,-8.22930035033697e-19,0.111368164024278,79
uvm,ent_chr_mean,burden_total,0.0993966912126844,0.174742952249059,-1.6359958889095e-18,0.068349546675295,79
uvm,ent_ampclass,burden_total,0.735454240962599,0.656863384067592,1.2557531491446e-17,0.299492417726302,79
uvm,ent_transition,burden_total,3.15903490064646,1.61231008442527,-9.838105409446e-18,0.396463032911453,79
