cancer,n,max_abs_diff
cesc,15,1.88737914186277e-15
gbm,18,2.92821322744885e-15
kirc,23,1.55431223447522e-15
kich,3,1.33226762955019e-15
luad,32,1.0547118733939e-15
skcm,20,1.22124532708767e-15
stad,17,1.11022302462516e-15
hnsc,25,8.88178419700125e-16
lihc,25,3.44169137633799e-15
ov,31,4.88498130835069e-15
esca,10,7.99360577730113e-15
lgg,20,7.43849426498855e-15
brca,52,3.33066907387547e-15
coad,25,4.32986979603811e-15
tgct,4,6.10622663543836e-16
lusc,22,2.72004641033163e-15
meso,9,8.88178419700125e-16
kirp,11,6.66133814775094e-16
pcpg,9,4.44089209850063e-16
sarc,12,1.22124532708767e-15
paad,7,1.49880108324396e-15
thca,16,6.10622663543836e-16
blca,18,3.33066907387547e-15
acc,4,6.10622663543836e-16
uvm,4,6.66133814775094e-16
ucec,17,2.44249065417534e-15
prad,23,1.99840144432528e-15
read,12,1.55431223447522e-15
ucs,4,1.77635683940025e-15
thym,9,2.22044604925031e-16
dlbc,2,1.77635683940025e-15
chol,1,5.55111512312578e-16
