version,score_center,score_scale,burden_variable,reference_n,reference_cancers
UCEI-v2.0,3.75116389567615e-18,1.92180159952327,burden_total,10495,
UCEI-v2.0,3.75116389567615e-18,1.92180159952327,burden_total,10495,
UCEI-v2.0,3.75116389567615e-18,1.92180159952327,burden_total,10495,
UCEI-v2.0,3.75116389567615e-18,1.92180159952327,burden_total,10495,
UCEI-v2.0,3.75116389567615e-18,1.92180159952327,burden_total,10495,
UCEI-v2.0,3.75116389567615e-18,1.92180159952327,burden_total,10495,
UCEI-v2.0,3.75116389567615e-18,1.92180159952327,burden_total,10495,
UCEI-v2.0,3.75116389567615e-18,1.92180159952327,burden_total,10495,
UCEI-v2.0,3.75116389567615e-18,1.92180159952327,burden_total,10495,
UCEI-v2.0,3.75116389567615e-18,1.92180159952327,burden_total,10495,
UCEI-v2.0,3.75116389567615e-18,1.92180159952327,burden_total,10495,
UCEI-v2.0,3.75116389567615e-18,1.92180159952327,burden_total,10495,
UCEI-v2.0,3.75116389567615e-18,1.92180159952327,burden_total,10495,
UCEI-v2.0,3.75116389567615e-18,1.92180159952327,burden_total,10495,
UCEI-v2.0,3.75116389567615e-18,1.92180159952327,burden_total,10495,
UCEI-v2.0,3.75116389567615e-18,1.92180159952327,burden_total,10495,
UCEI-v2.0,3.75116389567615e-18,1.92180159952327,burden_total,10495,
UCEI-v2.0,3.75116389567615e-18,1.92180159952327,burden_total,10495,
UCEI-v2.0,3.75116389567615e-18,1.92180159952327,burden_total,10495,
UCEI-v2.0,3.75116389567615e-18,1.92180159952327,burden_total,10495,
UCEI-v2.0,3.75116389567615e-18,1.92180159952327,burden_total,10495,
UCEI-v2.0,3.75116389567615e-18,1.92180159952327,burden_total,10495,
UCEI-v2.0,3.75116389567615e-18,1.92180159952327,burden_total,10495,
UCEI-v2.0,3.75116389567615e-18,1.92180159952327,burden_total,10495,
UCEI-v2.0,3.75116389567615e-18,1.92180159952327,burden_total,10495,
UCEI-v2.0,3.75116389567615e-18,1.92180159952327,burden_total,10495,
UCEI-v2.0,3.75116389567615e-18,1.92180159952327,burden_total,10495,
UCEI-v2.0,3.75116389567615e-18,1.92180159952327,burden_total,10495,
UCEI-v2.0,3.75116389567615e-18,1.92180159952327,burden_total,10495,
UCEI-v2.0,3.75116389567615e-18,1.92180159952327,burden_total,10495,
UCEI-v2.0,3.75116389567615e-18,1.92180159952327,burden_total,10495,
UCEI-v2.0,3.75116389567615e-18,1.92180159952327,burden_total,10495,
