figure,piece,source_type,source,status,class,rows,cols,size_MB,columns
Figure1,reference_loadings,disk_file,E:/cnv/UCEI_BENCHMARK_RESCUE/UCEI_V2_FROZEN_REFERENCE/UCEI_v2_frozen_PCA_loadings.csv,PASS,data.table/data.frame,6,2,0.002,feature | loading
Figure1,pca_variance,disk_file,E:/cnv/UCEI_BENCHMARK_RESCUE/UCEI_V2_FROZEN_REFERENCE/UCEI_v2_PCA_variance_explained.csv,PASS,data.table/data.frame,6,3,0.002,PC | variance_explained | cumulative_variance
Figure1,reference_scores,disk_file,E:/cnv/UCEI_BENCHMARK_RESCUE/UCEI_V2_FROZEN_REFERENCE/UCEI_v2_reference_scores.csv,PASS,data.table/data.frame,10495,10,1.606,sample_id | cancer | jsd_neutral_v2_resid_z | ent_state_size_v2_resid_z | ent_chr_sd_v2_resid_z | ent_chr_mean_v2_resid_z | ent_ampclass_v2_resid_z | ent_transition_v2_resid_z | UCEI_v2_raw | UCEI_v2_z
Figure1,score_parameters,disk_file,E:/cnv/UCEI_BENCHMARK_RESCUE/UCEI_V2_FROZEN_REFERENCE/UCEI_v2_frozen_score_parameters.csv,PASS,data.table/data.frame,4,2,0.002,parameter | value
Figure1,burden_residualization_parameters,disk_file,E:/cnv/UCEI_BENCHMARK_RESCUE/UCEI_V2_FROZEN_REFERENCE/UCEI_v2_frozen_burden_residualization_parameters.csv,PASS,data.table/data.frame,192,8,0.016,cancer | feature | burden_variable | intercept | slope | residual_mean | residual_sd | n_reference
Figure1,self_reproduction_summary,disk_file,E:/cnv/UCEI_BENCHMARK_RESCUE/UCEI_V2_FROZEN_REFERENCE/UCEI_v2_self_reproduction_summary.csv,PASS,data.table/data.frame,1,3,0.002,n_tested | worst_max_abs_diff | pass_1e10
Figure1,bootstrap_all_loadings,disk_file,E:/cnv/UCEI_BENCHMARK_RESCUE/B12A_UCEI_CONSTRUCTION_STABILITY/B12A_bootstrap_all_loadings.csv,PASS,data.table/data.frame,1200,5,0.043,replicate | feature | loading | pc1_variance | loading_congruence
Figure1,bootstrap_global_summary,disk_file,E:/cnv/UCEI_BENCHMARK_RESCUE/B12A_UCEI_CONSTRUCTION_STABILITY/B12A_bootstrap_global_summary.csv,PASS,data.table/data.frame,1,7,0.002,n_replicates | pc1_variance_mean | pc1_variance_CI025 | pc1_variance_CI975 | congruence_mean | congruence_min | congruence_CI025
Figure1,bootstrap_loading_summary,disk_file,E:/cnv/UCEI_BENCHMARK_RESCUE/B12A_UCEI_CONSTRUCTION_STABILITY/B12A_bootstrap_loading_summary.csv,PASS,data.table/data.frame,6,7,0.003,feature | frozen_loading | bootstrap_mean | bootstrap_sd | CI025 | CI975 | sign_consistency
Figure1,construction_LOCO_summary,disk_file,E:/cnv/UCEI_BENCHMARK_RESCUE/B12A_UCEI_CONSTRUCTION_STABILITY/B12A_leave_one_cancer_out_summary.csv,PASS,data.table/data.frame,32,3,0.004,omitted_cancer | loading_congruence | pc1_variance
Figure1,construction_LOCO_loadings,disk_file,E:/cnv/UCEI_BENCHMARK_RESCUE/B12A_UCEI_CONSTRUCTION_STABILITY/B12A_leave_one_cancer_out_loadings.csv,PASS,data.table/data.frame,192,7,0.015,omitted_cancer | feature | loading | frozen_loading | abs_loading_difference | loading_congruence | pc1_variance
Figure1,construction_LOCO_feature_summary,disk_file,E:/cnv/UCEI_BENCHMARK_RESCUE/B12A_UCEI_CONSTRUCTION_STABILITY/B12A_leave_one_cancer_out_feature_summary.csv,PASS,data.table/data.frame,6,3,0.002,feature | max_abs_loading_difference | mean_abs_loading_difference
Figure1,standalone_scorer_reproduction,disk_file,E:/cnv/UCEI_BENCHMARK_RESCUE/B2_CORE_UCEI_V2_BENCHMARK/B7_RUNTIME_REPRODUCIBILITY/47_UCEI_v2_test_reproduction_summary.csv,PASS,data.table/data.frame,1,4,0.002,n | max_abs_error | tolerance | pass
Figure2,B2_COMMON,current_R_object,B2_COMMON,PASS,data.table/data.frame,3243,128,3.418,patient_id | cancer | sample_id | ent_state | even_state | k_state | ent_gain | even_gain | k_gain | ent_loss | even_loss | k_loss | ent_state_size | even_state_size | k_state_size | ent_ampclass | even_ampclass | k_ampclass | ent_arm_alt | even_arm_alt | k_arm_alt | ent_chr_alt | even_chr_alt | k_chr_alt | ent_transition | even_transition | k_transition | ent_chr_mean | ent_chr_sd | jsd_neutral | total_bp | amp_bp | del_bp | neutral_bp | n_segments | mean_cn | sd_cn | frac_amp | frac_del | burden_total | sample_type | ent_state_z | even_state_z | k_state_z | ent_gain_z | even_gain_z | k_gain_z | ent_loss_z | even_loss_z | k_loss_z | ent_state_size_z | even_state_size_z | k_state_size_z | ent_ampclass_z | even_ampclass_z | k_ampclass_z | ent_arm_alt_z | even_arm_alt_z | k_arm_alt_z | ent_chr_alt_z | even_chr_alt_z | k_chr_alt_z | ent_transition_z | even_transition_z | k_transition_z | ent_chr_mean_z | ent_chr_sd_z | jsd_neutral_z | n_segments_z | mean_cn_z | sd_cn_z | frac_amp_z | frac_del_z | burden_total_z | ent_state_resid_z | even_state_resid_z | ent_gain_resid_z | even_gain_resid_z | ent_loss_resid_z | even_loss_resid_z | ent_state_size_resid_z | even_state_size_resid_z | ent_ampclass_resid_z | even_ampclass_resid_z | ent_arm_alt_resid_z | even_arm_alt_resid_z | ent_chr_alt_resid_z | even_chr_alt_resid_z | ent_transition_resid_z | even_transition_resid_z | ent_chr_mean_resid_z | ent_chr_sd_resid_z | jsd_neutral_resid_z | pfi_event | pfi_time | age | stage2 | grade2 | UCEI_raw | UCEI_z
Figure2,B2_size_audit,current_R_object,B2_size_audit,PASS,data.table/data.frame,238,4,0.093,file | path | n | cols
Figure2,B2_REPORT,current_R_object,B2_REPORT,PASS,list,,,0.032,reference_n | reference_cancers | comparators | UCEI_correlations | redundancy | burden_dependence | fixed_burden | clinical_n | clinical_events | clinical_cancers | cox_results | incremental | leave_one_cancer_out | status | time_column | event_column | age_column | output_dir
Figure2,B2_REPORT$UCEI_correlations,B2_REPORT_nested_table,B2_REPORT$UCEI_correlations,PASS,data.table/data.frame,13,4,0.003,comparator | n | pearson | spearman
Figure2,B2_REPORT$redundancy,B2_REPORT_nested_table,B2_REPORT$redundancy,PASS,data.table/data.frame,1,4,0.002,n | conventional_metrics | r_squared | adjusted_r_squared
Figure2,B2_REPORT$burden_dependence,B2_REPORT_nested_table,B2_REPORT$burden_dependence,PASS,data.table/data.frame,14,5,0.003,metric | n | pearson_burden | spearman_burden | burden_r_squared
Figure2,B2_REPORT$fixed_burden,B2_REPORT_nested_table,B2_REPORT$fixed_burden,PASS,data.table/data.frame,1,5,0.002,strata | median_UCEI_SD | median_UCEI_IQR | median_UCEI_range | median_n_segments_IQR
Figure2,B2_REPORT$cox_results,B2_REPORT_nested_table,B2_REPORT$cox_results,PASS,data.table/data.frame,14,13,0.006,analysis | metric | beta | HR | CI_low | CI_high | p | n | events | concordance | AIC | logLik | p_BH
Figure2,B2_REPORT$incremental,B2_REPORT_nested_table,B2_REPORT$incremental,PASS,data.table/data.frame,13,16,0.007,metric | n | events | HR | CI_low | CI_high | p_metric | LRT_p_vs_burden_base | base_C | full_C | delta_C | base_AIC | full_AIC | delta_AIC | LRT_BH | LRT_chisq
Figure2,B2_REPORT$leave_one_cancer_out,B2_REPORT_nested_table,B2_REPORT$leave_one_cancer_out,PASS,data.table/data.frame,9,8,0.004,omitted_cancer | n | events | HR | CI_low | CI_high | p | concordance
Figure2,B2_REPORT$status,B2_REPORT_nested_table,B2_REPORT$status,PASS,data.table/data.frame,17,2,0.003,benchmark | status
Figure2,B2_disk::01_full_reference_Pearson_correlation.csv,disk_file,E:/cnv/UCEI_BENCHMARK_RESCUE/B2_CORE_UCEI_V2_BENCHMARK/01_full_reference_Pearson_correlation.csv,PASS,data.table/data.frame,14,15,0.007,metric | UCEI_v2_z_bench_z | burden_total_bench_z | n_segments_bench_z | sd_cn_bench_z | mean_cn_bench_z | frac_amp_bench_z | frac_del_bench_z | ent_state_bench_z | ent_state_size_bench_z | ent_ampclass_bench_z | ent_transition_bench_z | ent_chr_sd_bench_z | ent_chr_mean_bench_z | jsd_neutral_bench_z
Figure2,B2_disk::02_full_reference_Spearman_correlation.csv,disk_file,E:/cnv/UCEI_BENCHMARK_RESCUE/B2_CORE_UCEI_V2_BENCHMARK/02_full_reference_Spearman_correlation.csv,PASS,data.table/data.frame,14,15,0.007,metric | UCEI_v2_z_bench_z | burden_total_bench_z | n_segments_bench_z | sd_cn_bench_z | mean_cn_bench_z | frac_amp_bench_z | frac_del_bench_z | ent_state_bench_z | ent_state_size_bench_z | ent_ampclass_bench_z | ent_transition_bench_z | ent_chr_sd_bench_z | ent_chr_mean_bench_z | jsd_neutral_bench_z
Figure2,B2_disk::03_UCEI_v2_vs_comparator_correlations.csv,disk_file,E:/cnv/UCEI_BENCHMARK_RESCUE/B2_CORE_UCEI_V2_BENCHMARK/03_UCEI_v2_vs_comparator_correlations.csv,PASS,data.table/data.frame,13,4,0.003,comparator | n | pearson | spearman
Figure2,B2_disk::04_UCEI_explained_by_conventional_CN.csv,disk_file,E:/cnv/UCEI_BENCHMARK_RESCUE/B2_CORE_UCEI_V2_BENCHMARK/04_UCEI_explained_by_conventional_CN.csv,PASS,data.table/data.frame,1,4,0.002,n | conventional_metrics | r_squared | adjusted_r_squared
Figure2,B2_disk::05_metric_dependence_on_copy_number_burden.csv,disk_file,E:/cnv/UCEI_BENCHMARK_RESCUE/B2_CORE_UCEI_V2_BENCHMARK/05_metric_dependence_on_copy_number_burden.csv,PASS,data.table/data.frame,14,5,0.003,metric | n | pearson_burden | spearman_burden | burden_r_squared
Figure2,B2_disk::06_fixed_burden_decile_architecture_spread.csv,disk_file,E:/cnv/UCEI_BENCHMARK_RESCUE/B2_CORE_UCEI_V2_BENCHMARK/06_fixed_burden_decile_architecture_spread.csv,PASS,data.table/data.frame,320,8,0.021,cancer | burden_decile | n | burden_range | UCEI_sd | UCEI_IQR | UCEI_range | n_segments_IQR
Figure2,B2_disk::07_fixed_burden_global_summary.csv,disk_file,E:/cnv/UCEI_BENCHMARK_RESCUE/B2_CORE_UCEI_V2_BENCHMARK/07_fixed_burden_global_summary.csv,PASS,data.table/data.frame,1,5,0.002,strata | median_UCEI_SD | median_UCEI_IQR | median_UCEI_range | median_n_segments_IQR
Figure2,B2_disk::08_LOCKED_common_complete_case_benchmark_dataset.csv,disk_file,E:/cnv/UCEI_BENCHMARK_RESCUE/B2_CORE_UCEI_V2_BENCHMARK/08_LOCKED_common_complete_case_benchmark_dataset.csv,PASS,data.table/data.frame,3243,128,3.405,patient_id | cancer | sample_id | ent_state | even_state | k_state | ent_gain | even_gain | k_gain | ent_loss | even_loss | k_loss | ent_state_size | even_state_size | k_state_size | ent_ampclass | even_ampclass | k_ampclass | ent_arm_alt | even_arm_alt | k_arm_alt | ent_chr_alt | even_chr_alt | k_chr_alt | ent_transition | even_transition | k_transition | ent_chr_mean | ent_chr_sd | jsd_neutral | total_bp | amp_bp | del_bp | neutral_bp | n_segments | mean_cn | sd_cn | frac_amp | frac_del | burden_total | sample_type | ent_state_z | even_state_z | k_state_z | ent_gain_z | even_gain_z | k_gain_z | ent_loss_z | even_loss_z | k_loss_z | ent_state_size_z | even_state_size_z | k_state_size_z | ent_ampclass_z | even_ampclass_z | k_ampclass_z | ent_arm_alt_z | even_arm_alt_z | k_arm_alt_z | ent_chr_alt_z | even_chr_alt_z | k_chr_alt_z | ent_transition_z | even_transition_z | k_transition_z | ent_chr_mean_z | ent_chr_sd_z | jsd_neutral_z | n_segments_z | mean_cn_z | sd_cn_z | frac_amp_z | frac_del_z | burden_total_z | ent_state_resid_z | even_state_resid_z | ent_gain_resid_z | even_gain_resid_z | ent_loss_resid_z | even_loss_resid_z | ent_state_size_resid_z | even_state_size_resid_z | ent_ampclass_resid_z | even_ampclass_resid_z | ent_arm_alt_resid_z | even_arm_alt_resid_z | ent_chr_alt_resid_z | even_chr_alt_resid_z | ent_transition_resid_z | even_transition_resid_z | ent_chr_mean_resid_z | ent_chr_sd_resid_z | jsd_neutral_resid_z | pfi_event | pfi_time | age | stage2 | grade2 | UCEI_raw | UCEI_z
Figure2,B2_disk::09_same_protocol_PFI_benchmark.csv,disk_file,E:/cnv/UCEI_BENCHMARK_RESCUE/B2_CORE_UCEI_V2_BENCHMARK/09_same_protocol_PFI_benchmark.csv,PASS,data.table/data.frame,14,13,0.006,analysis | metric | beta | HR | CI_low | CI_high | p | n | events | concordance | AIC | logLik | p_BH
Figure2,B2_disk::10_incremental_beyond_burden_PFI_benchmark.csv,disk_file,E:/cnv/UCEI_BENCHMARK_RESCUE/B2_CORE_UCEI_V2_BENCHMARK/10_incremental_beyond_burden_PFI_benchmark.csv,PASS,data.table/data.frame,13,15,0.006,metric | n | events | HR | CI_low | CI_high | p_metric | LRT_p_vs_burden_base | base_C | full_C | delta_C | base_AIC | full_AIC | delta_AIC | LRT_BH
Figure2,B2_disk::11_UCEI_v2_leave_one_cancer_out.csv,disk_file,E:/cnv/UCEI_BENCHMARK_RESCUE/B2_CORE_UCEI_V2_BENCHMARK/11_UCEI_v2_leave_one_cancer_out.csv,PASS,data.table/data.frame,9,8,0.004,omitted_cancer | n | events | HR | CI_low | CI_high | p | concordance
Figure2,B2_disk::12_Bioinformatics_rescue_benchmark_status.csv,disk_file,E:/cnv/UCEI_BENCHMARK_RESCUE/B2_CORE_UCEI_V2_BENCHMARK/12_Bioinformatics_rescue_benchmark_status.csv,PASS,data.table/data.frame,17,2,0.003,benchmark | status
Figure2,B2_disk::12_STATE_OF_ART_cDITHER_nested_LRT.csv,disk_file,E:/cnv/UCEI_BENCHMARK_RESCUE/B2_CORE_UCEI_V2_BENCHMARK/12_STATE_OF_ART_cDITHER_nested_LRT.csv,PASS,data.table/data.frame,4,11,0.004,test | chisq | df | p | C_reduced | C_full | delta_C | AIC_reduced | AIC_full | delta_AIC | p_BH
Figure2,B2_disk::13_STATE_OF_ART_cDITHER_joint_model.csv,disk_file,E:/cnv/UCEI_BENCHMARK_RESCUE/B2_CORE_UCEI_V2_BENCHMARK/13_STATE_OF_ART_cDITHER_joint_model.csv,PASS,data.table/data.frame,3,7,0.003,term | coef | exp(coef) | se(coef) | z | Pr(>|z|) | HR
Figure2,B2_disk::14_STEELE_21_signature_block_LRT.csv,disk_file,E:/cnv/UCEI_BENCHMARK_RESCUE/B2_CORE_UCEI_V2_BENCHMARK/14_STEELE_21_signature_block_LRT.csv,PASS,data.table/data.frame,4,11,0.004,test | chisq | df | p | C_reduced | C_full | delta_C | AIC_reduced | AIC_full | delta_AIC | p_BH
Figure2,B2_disk::15_STEELE_individual_signature_benchmark.csv,disk_file,E:/cnv/UCEI_BENCHMARK_RESCUE/B2_CORE_UCEI_V2_BENCHMARK/15_STEELE_individual_signature_benchmark.csv,PASS,data.table/data.frame,21,13,0.007,signature | beta | HR | CI_low | CI_high | p_metric | LRT_chisq | LRT_p | C | delta_C | delta_AIC | p_metric_BH | LRT_BH
Figure2,B2_disk::16_STEELE_UCEI_signature_correlations.csv,disk_file,E:/cnv/UCEI_BENCHMARK_RESCUE/B2_CORE_UCEI_V2_BENCHMARK/16_STEELE_UCEI_signature_correlations.csv,PASS,data.table/data.frame,21,4,0.003,signature | pearson | spearman | abs_spearman
Figure2,B2_disk::17_STEELE_UCEI_redundancy.csv,disk_file,E:/cnv/UCEI_BENCHMARK_RESCUE/B2_CORE_UCEI_V2_BENCHMARK/17_STEELE_UCEI_redundancy.csv,PASS,data.table/data.frame,1,5,0.002,n | signatures | rank | R2 | adjusted_R2
Figure2,B2_disk::18_STEELE_joint_model.csv,disk_file,E:/cnv/UCEI_BENCHMARK_RESCUE/B2_CORE_UCEI_V2_BENCHMARK/18_STEELE_joint_model.csv,PASS,data.table/data.frame,24,7,0.005,term | coef | exp(coef) | se(coef) | z | Pr(>|z|) | HR
Figure2,B2_disk::19_DREWS_17_CX_block_LRT.csv,disk_file,E:/cnv/UCEI_BENCHMARK_RESCUE/B2_CORE_UCEI_V2_BENCHMARK/19_DREWS_17_CX_block_LRT.csv,PASS,data.table/data.frame,4,11,0.004,test | chisq | df | p | C_reduced | C_full | delta_C | AIC_reduced | AIC_full | delta_AIC | p_BH
Figure2,B2_disk::20_DREWS_UCEI_redundancy.csv,disk_file,E:/cnv/UCEI_BENCHMARK_RESCUE/B2_CORE_UCEI_V2_BENCHMARK/20_DREWS_UCEI_redundancy.csv,PASS,data.table/data.frame,1,5,0.002,n | signatures | rank | R2 | adjusted_R2
Figure2,B2_disk::21_DREWS_joint_model.csv,disk_file,E:/cnv/UCEI_BENCHMARK_RESCUE/B2_CORE_UCEI_V2_BENCHMARK/21_DREWS_joint_model.csv,PASS,data.table/data.frame,20,7,0.004,term | coef | exp(coef) | se(coef) | z | Pr(>|z|) | HR
Figure2,B2_disk::22_DREWS_Aneu_LOH_WGD_UCEI_LRT.csv,disk_file,E:/cnv/UCEI_BENCHMARK_RESCUE/B2_CORE_UCEI_V2_BENCHMARK/22_DREWS_Aneu_LOH_WGD_UCEI_LRT.csv,PASS,data.table/data.frame,3,11,0.004,test | chisq | df | p | C_reduced | C_full | delta_C | AIC_reduced | AIC_full | delta_AIC | p_BH
Figure2,B2_disk::23_B6_full_feature_generator_source_search.csv,disk_file,E:/cnv/UCEI_BENCHMARK_RESCUE/B2_CORE_UCEI_V2_BENCHMARK/23_B6_full_feature_generator_source_search.csv,PASS,data.table/data.frame,334,3,0.026,file | line | code
Figure2,B2_disk::24_B6_priority_feature_generator_source_search.csv,disk_file,E:/cnv/UCEI_BENCHMARK_RESCUE/B2_CORE_UCEI_V2_BENCHMARK/24_B6_priority_feature_generator_source_search.csv,PASS,data.table/data.frame,25,3,0.005,file | line | code
Figure2,B2_disk::25_B6_missing_feature_full_search.csv,disk_file,E:/cnv/UCEI_BENCHMARK_RESCUE/B2_CORE_UCEI_V2_BENCHMARK/25_B6_missing_feature_full_search.csv,PASS,data.table/data.frame,198,3,0.013,file | line | code
Figure2,B2_disk::26_B6_missing_feature_priority_search.csv,disk_file,E:/cnv/UCEI_BENCHMARK_RESCUE/B2_CORE_UCEI_V2_BENCHMARK/26_B6_missing_feature_priority_search.csv,PASS,data.table/data.frame,46,3,0.006,file | line | code
Figure2,B2_disk::27_B6_structural_generator_search.csv,disk_file,E:/cnv/UCEI_BENCHMARK_RESCUE/B2_CORE_UCEI_V2_BENCHMARK/27_B6_structural_generator_search.csv,PASS,data.table/data.frame,1008,4,0.087,file | hit_line | line | code
Figure2,B2_disk::28_B6_structural_generator_priority.csv,disk_file,E:/cnv/UCEI_BENCHMARK_RESCUE/B2_CORE_UCEI_V2_BENCHMARK/28_B6_structural_generator_priority.csv,PASS,data.table/data.frame,173,4,0.022,file | hit_line | line | code
Figure2,B2_disk::50_B8_deep_biology_candidate_header_audit.csv,disk_file,E:/cnv/UCEI_BENCHMARK_RESCUE/B2_CORE_UCEI_V2_BENCHMARK/50_B8_deep_biology_candidate_header_audit.csv,PASS,data.table/data.frame,60,10,0.041,path | file | MB | n_columns | has_patient | has_cancer | has_ArchSig | has_state | has_PFI | columns
Figure3,B3_COMMON_DITHER,current_R_object,B3_COMMON_DITHER,PASS,data.table/data.frame,2927,135,3.747,B3_sample_key | patient_id | cancer | sample_id | ent_state | even_state | k_state | ent_gain | even_gain | k_gain | ent_loss | even_loss | k_loss | ent_state_size | even_state_size | k_state_size | ent_ampclass | even_ampclass | k_ampclass | ent_arm_alt | even_arm_alt | k_arm_alt | ent_chr_alt | even_chr_alt | k_chr_alt | ent_transition | even_transition | k_transition | ent_chr_mean | ent_chr_sd | jsd_neutral | total_bp | amp_bp | del_bp | neutral_bp | n_segments | mean_cn | sd_cn | frac_amp | frac_del | burden_total | sample_type | ent_state_z | even_state_z | k_state_z | ent_gain_z | even_gain_z | k_gain_z | ent_loss_z | even_loss_z | k_loss_z | ent_state_size_z | even_state_size_z | k_state_size_z | ent_ampclass_z | even_ampclass_z | k_ampclass_z | ent_arm_alt_z | even_arm_alt_z | k_arm_alt_z | ent_chr_alt_z | even_chr_alt_z | k_chr_alt_z | ent_transition_z | even_transition_z | k_transition_z | ent_chr_mean_z | ent_chr_sd_z | jsd_neutral_z | n_segments_z | mean_cn_z | sd_cn_z | frac_amp_z | frac_del_z | burden_total_z | ent_state_resid_z | even_state_resid_z | ent_gain_resid_z | even_gain_resid_z | ent_loss_resid_z | even_loss_resid_z | ent_state_size_resid_z | even_state_size_resid_z | ent_ampclass_resid_z | even_ampclass_resid_z | ent_arm_alt_resid_z | even_arm_alt_resid_z | ent_chr_alt_resid_z | even_chr_alt_resid_z | ent_transition_resid_z | even_transition_resid_z | ent_chr_mean_resid_z | ent_chr_sd_resid_z | jsd_neutral_resid_z | pfi_event | pfi_time | age | stage2 | grade2 | UCEI_raw
Figure3,B4_block_lrt,current_R_object,B4_block_lrt,PASS,data.table/data.frame,4,11,0.004,test | chisq | df | p | C_reduced | C_full | delta_C | AIC_reduced | AIC_full | delta_AIC | p_BH
Figure3,B4_individual,current_R_object,B4_individual,PASS,data.table/data.frame,21,13,0.007,signature | beta | HR | CI_low | CI_high | p_metric | LRT_chisq | LRT_p | C | delta_C | delta_AIC | p_metric_BH | LRT_BH
Figure3,B4_joint,current_R_object,B4_joint,PASS,data.table/data.frame,24,7,0.005,term | coef | exp(coef) | se(coef) | z | Pr(>|z|) | HR
Figure3,B4_sig_cor,current_R_object,B4_sig_cor,PASS,data.table/data.frame,21,4,0.003,signature | pearson | spearman | abs_spearman
Figure3,B4_steele_redundancy,current_R_object,B4_steele_redundancy,PASS,data.table/data.frame,1,5,0.002,n | signatures | rank | R2 | adjusted_R2
Figure3,B5_COMMON_DREWS,current_R_object,B5_COMMON_DREWS,PASS,data.table/data.frame,1753,167,2.515,B5_patient | patient_id | cancer | sample_id | ent_state | even_state | k_state | ent_gain | even_gain | k_gain | ent_loss | even_loss | k_loss | ent_state_size | even_state_size | k_state_size | ent_ampclass | even_ampclass | k_ampclass | ent_arm_alt | even_arm_alt | k_arm_alt | ent_chr_alt | even_chr_alt | k_chr_alt | ent_transition | even_transition | k_transition | ent_chr_mean | ent_chr_sd | jsd_neutral | total_bp | amp_bp | del_bp | neutral_bp | n_segments | mean_cn | sd_cn | frac_amp | frac_del | burden_total | sample_type | ent_state_z | even_state_z | k_state_z | ent_gain_z | even_gain_z | k_gain_z | ent_loss_z | even_loss_z | k_loss_z | ent_state_size_z | even_state_size_z | k_state_size_z | ent_ampclass_z | even_ampclass_z | k_ampclass_z | ent_arm_alt_z | even_arm_alt_z | k_arm_alt_z | ent_chr_alt_z | even_chr_alt_z | k_chr_alt_z | ent_transition_z | even_transition_z | k_transition_z | ent_chr_mean_z | ent_chr_sd_z | jsd_neutral_z | n_segments_z | mean_cn_z | sd_cn_z | frac_amp_z | frac_del_z | burden_total_z | ent_state_resid_z | even_state_resid_z | ent_gain_resid_z | even_gain_resid_z | ent_loss_resid_z | even_loss_resid_z | ent_state_size_resid_z | even_state_size_resid_z | ent_ampclass_resid_z | even_ampclass_resid_z | ent_arm_alt_resid_z | even_arm_alt_resid_z | ent_chr_alt_resid_z | even_chr_alt_resid_z | ent_transition_resid_z | even_transition_resid_z | ent_chr_mean_resid_z | ent_chr_sd_resid_z | jsd_neutral_resid_z | pfi_event | pfi_time | age | stage2 | grade2 | UCEI_raw
Figure3,B9_audit,current_R_object,B9_audit,PASS,data.table/data.frame,13,10,0.01,file | path | MB | n_columns | n_v2_inputs | exact_v2_ready | missing_v2_inputs | has_sample_id | has_outcome | columns
Figure3,B9_all_sota,current_R_object,B9_all_sota,PASS,character,,,0.003,""
Figure3,B9_coef,current_R_object,B9_coef,PASS,function,,,0.01,""
Figure3,B9_full_coef,current_R_object,B9_full_coef,PASS,data.table/data.frame,42,9,0.008,term | coef | exp(coef) | se(coef) | z | Pr(>|z|) | HR | CI_low | CI_high
Figure3,B9_key_coef,current_R_object,B9_key_coef,PASS,data.table/data.frame,2,9,0.003,term | coef | exp(coef) | se(coef) | z | Pr(>|z|) | HR | CI_low | CI_high
Figure3,B9_LRT,current_R_object,B9_LRT,PASS,data.table/data.frame,13,11,0.006,test | chisq | df | p | C_reduced | C_full | delta_C | AIC_reduced | AIC_full | delta_AIC | p_BH
Figure3,B9_red_summary,current_R_object,B9_red_summary,PASS,data.table/data.frame,1,5,0.002,n | SOTA_predictors | model_rank | R2 | adjusted_R2
Figure3,B9C_cindex,current_R_object,B9C_cindex,PASS,function,,,0.017,""
Figure3,B9C_delta,current_R_object,B9C_delta,PASS,data.table/data.frame,60,2,0.003,comparison | delta
Figure3,B9C_delta_summary,current_R_object,B9C_delta_summary,PASS,data.table/data.frame,6,8,0.003,comparison | mean_delta_C | sd_delta_C | median_delta_C | min_delta_C | max_delta_C | positive_repeats | total_repeats
Figure3,B9C_fold_results,current_R_object,B9C_fold_results,PASS,list,,,0.853,""
Figure3,B9C_repeat_results,current_R_object,B9C_repeat_results,PASS,list,,,0.109,""
Figure3,B9C_selection,current_R_object,B9C_selection,PASS,data.table/data.frame,1670,4,0.042,rep_id | fold | model | predictor
Figure3,B9C_selection_frequency,current_R_object,B9C_selection_frequency,PASS,data.table/data.frame,86,5,0.008,model | predictor | selected_folds | total_folds | selection_frequency
Figure3,B9C_selection_results,current_R_object,B9C_selection_results,PASS,list,,,0.649,""
Figure3,B9C_summary,current_R_object,B9C_summary,PASS,data.table/data.frame,7,6,0.003,model | mean_C | sd_C | median_C | min_C | max_C
Figure3,B9C_totals,current_R_object,B9C_totals,PASS,data.table/data.frame,6,2,0.002,model | total_folds
Figure3,B9C_ucei_selection,current_R_object,B9C_ucei_selection,PASS,data.table/data.frame,2,5,0.002,model | predictor | selected_folds | total_folds | selection_frequency
Figure3,B9_report,current_R_object,B9_report,PASS,list,,,0.017,n | events | cancers | Steele_rank | Drews_rank | all_SOTA_rank | LRT | full_joint_coefficients | UCEI_redundancy
Figure3,B9C_report,current_R_object,B9C_report,PASS,list,,,0.036,n | events | cancers | outer_folds | repeats | inner_folds | alpha | performance | paired_delta_C | fold_details | selection_frequency | UCEI_selection
Figure4,B10_cindex,current_R_object,B10_cindex,PASS,function,,,0.015,""
Figure4,B10_meta,current_R_object,B10_meta,PASS,data.table/data.frame,2,9,0.003,model | cancers | HR | CI_low | CI_high | p | Q | I2_percent | tau2
Figure4,B10_results,current_R_object,B10_results,PASS,data.table/data.frame,9,14,0.006,held_out_cancer | test_n | test_events | train_n | train_events | C_baseline | C_UCEI | delta_C | heldout_UCEI_beta | heldout_UCEI_SE | heldout_UCEI_HR | CI_low | CI_high | heldout_p
Figure4,B10_summary,current_R_object,B10_summary,PASS,data.table/data.frame,1,10,0.003,n | events | cancers | positive_delta_C | total_cancers | mean_delta_C | median_delta_C | min_delta_C | max_delta_C | positive_HR
Figure4,B12B_AUDIT,current_R_object,B12B_AUDIT,PASS,data.table/data.frame,50,12,0.007,rep_id | fold | n_train | n_test | events_train | events_test | pc1_variance | loading_congruence | strict_vs_frozen_spearman | lambda_UCEI | lambda_SOTA | lambda_combo
Figure4,B12B_C_SUMMARY,current_R_object,B12B_C_SUMMARY,PASS,data.table/data.frame,4,5,0.002,model | mean_C | sd_C | min_C | max_C
Figure4,B12B_CONSTRUCTION,current_R_object,B12B_CONSTRUCTION,PASS,data.table/data.frame,1,8,0.003,folds | pc1_variance_mean | pc1_variance_min | pc1_variance_max | loading_congruence_mean | loading_congruence_min | strict_vs_frozen_spearman_mean | strict_vs_frozen_spearman_min
Figure4,B12B_DELTA,current_R_object,B12B_DELTA,PASS,data.table/data.frame,40,3,0.003,rep_id | comparison | delta_C
Figure4,B12B_DELTA_SUMMARY,current_R_object,B12B_DELTA_SUMMARY,PASS,data.table/data.frame,4,7,0.003,comparison | mean_delta_C | sd_delta_C | min_delta_C | max_delta_C | positive_repeats | total_repeats
Figure4,B12B_FOLD_C,current_R_object,B12B_FOLD_C,PASS,data.table/data.frame,200,6,0.01,rep_id | fold | model | n | events | C
Figure4,B12B_REPEAT_C,current_R_object,B12B_REPEAT_C,PASS,data.table/data.frame,40,6,0.004,rep_id | model | C | mean_fold_C | min_fold_C | max_fold_C
Figure4,B12B_SELECT,current_R_object,B12B_SELECT,PASS,data.table/data.frame,50,6,0.003,rep_id | fold | UCEI_selected_alone | UCEI_selected_combo | n_SOTA_selected | n_SOTA_selected_combo
Figure4,B12B_SELECTION_SUMMARY,current_R_object,B12B_SELECTION_SUMMARY,PASS,data.table/data.frame,1,7,0.003,folds | UCEI_selected_alone | UCEI_selected_combo | median_SOTA_selected | range_SOTA_selected | median_SOTA_selected_combo | range_SOTA_selected_combo
Figure4,B12C_BETA,current_R_object,B12C_BETA,PASS,data.table/data.frame,450,5,0.016,rep_id | fold | model | beta | HR
Figure4,B12C_BETA_SUMMARY,current_R_object,B12C_BETA_SUMMARY,PASS,data.table/data.frame,9,6,0.003,model | folds | positive_beta_folds | median_HR | min_HR | max_HR
Figure4,B12C_CORR,current_R_object,B12C_CORR,PASS,data.table/data.frame,450,5,0.016,rep_id | fold | model | train_cor_to_full | test_spearman_to_full
Figure4,B12C_CORR_SUMMARY,current_R_object,B12C_CORR_SUMMARY,PASS,data.table/data.frame,9,5,0.003,model | mean_train_cor | min_train_cor | mean_test_spearman | min_test_spearman
Figure4,B12C_DELTA,current_R_object,B12C_DELTA,PASS,data.table/data.frame,100,5,0.006,rep_id | model | C | full_C | delta_vs_full
Figure4,B12C_DELTA_SUMMARY,current_R_object,B12C_DELTA_SUMMARY,PASS,data.table/data.frame,9,8,0.004,model | mean_delta_vs_full | sd_delta | min_delta | max_delta | better_than_full_repeats | worse_than_full_repeats | total_repeats
Figure4,B12C_FOLD,current_R_object,B12C_FOLD,PASS,data.table/data.frame,500,6,0.02,rep_id | fold | model | n | events | C
Figure4,B12C_SUMMARY,current_R_object,B12C_SUMMARY,PASS,data.table/data.frame,10,5,0.004,model | mean_C | sd_C | min_C | max_C
Figure4,B12C2_DELTA,current_R_object,B12C2_DELTA,PASS,data.table/data.frame,60,3,0.003,rep_id | comparison | delta_C
Figure4,B12C2_DELTA_SUMMARY,current_R_object,B12C2_DELTA_SUMMARY,PASS,data.table/data.frame,6,8,0.003,comparison | mean_delta_C | sd_delta_C | min_delta_C | max_delta_C | positive_repeats | negative_repeats | total_repeats
Figure4,B12C2_SELECT,current_R_object,B12C2_SELECT,PASS,data.table/data.frame,50,7,0.004,rep_id | fold | n_ARCH6_selected | n_ARCH5_selected | state_size_selected | n_SOTA_selected_ARCH6 | n_SOTA_selected_ARCH5
Figure4,B12C2_SELECT_SUMMARY,current_R_object,B12C2_SELECT_SUMMARY,PASS,data.table/data.frame,1,9,0.003,folds | median_ARCH6_selected | range_ARCH6_selected | median_ARCH5_selected | range_ARCH5_selected | state_size_selected_folds | state_size_selected_fraction | median_SOTA_selected_ARCH6 | median_SOTA_selected_ARCH5
Figure4,B12C2_SUMMARY,current_R_object,B12C2_SUMMARY,PASS,data.table/data.frame,4,5,0.002,model | mean_C | sd_C | min_C | max_C
Figure4,B12D_DELTA,current_R_object,B12D_DELTA,PASS,data.table/data.frame,200,4,0.007,rep_id | metric | comparison | delta
Figure4,B12D_DELTA_SUMMARY,current_R_object,B12D_DELTA_SUMMARY,PASS,data.table/data.frame,20,9,0.005,metric | comparison | mean_delta | sd_delta | min_delta | max_delta | positive_repeats | negative_repeats | total_repeats
Figure4,B12D_LONG,current_R_object,B12D_LONG,PASS,data.table/data.frame,1000,7,0.041,rep_id | fold | model | n | events | metric | value
Figure4,B12D_PRIMARY,current_R_object,B12D_PRIMARY,PASS,data.table/data.frame,16,8,0.004,metric | model | mean_value | sd_value | min_value | max_value | valid_repeats | min_valid_folds
Figure4,B12D_SUMMARY,current_R_object,B12D_SUMMARY,PASS,data.table/data.frame,20,8,0.004,metric | model | mean_value | sd_value | min_value | max_value | valid_repeats | min_valid_folds
Figure4,B12D_SUPPORT,current_R_object,B12D_SUPPORT,PASS,data.table/data.frame,50,11,0.005,rep_id | fold | n_train | n_test | events_test | events_by_1y | controls_1y | events_by_3y | controls_3y | events_by_5y | controls_5y
Figure4,B12D_SUPPORT_SUMMARY,current_R_object,B12D_SUPPORT_SUMMARY,PASS,data.table/data.frame,1,7,0.002,folds | min_events_1y | min_controls_1y | min_events_3y | min_controls_3y | min_events_5y | min_controls_5y
Figure4,09A_external::00_local_cohort_table.csv,disk_file,E:/cnv/UCEI_DEEP_RESULTS/09A_LOCAL_EXTERNAL_VALIDATION_reduced_UCEI/00_local_cohort_table.csv,PASS,data.table/data.frame,6,2,0.002,cohort_id | cohort_dir
Figure4,09A_external::01_external_local_audit.csv,disk_file,E:/cnv/UCEI_DEEP_RESULTS/09A_LOCAL_EXTERNAL_VALIDATION_reduced_UCEI/01_external_local_audit.csv,PASS,data.table/data.frame,6,14,0.008,cohort_id | status | cna_discrete_file | seg_file | expr_file | clin_sample_file | clin_patient_file | n_score_rows | n_unique_samples | score_methods | has_external_archsig | n_archsig_results | n_binary_results | n_survival_results
Figure4,09A_external::02_external_UCEI_to_ArchSig_results.csv,disk_file,E:/cnv/UCEI_DEEP_RESULTS/09A_LOCAL_EXTERNAL_VALIDATION_reduced_UCEI/02_external_UCEI_to_ArchSig_results.csv,PASS,data.table/data.frame,2,11,0.004,study_id | score_method | endpoint | n | n_ArchSig_genes_median | spearman_rho | spearman_p | lm_beta | lm_p | direction_support | nominal_support
Figure4,09A_external::03_external_binary_clinical_results.csv,disk_file,E:/cnv/UCEI_DEEP_RESULTS/09A_LOCAL_EXTERNAL_VALIDATION_reduced_UCEI/03_external_binary_clinical_results.csv,PASS,data.table/data.frame,16,16,0.006,study_id | score_method | endpoint | predictor | n | n_event | n_control | mean_event | mean_control | delta_event_minus_control | wilcox_p | logistic_beta | logistic_OR | logistic_p | direction_support | nominal_support
Figure4,09A_external::04_external_survival_results.csv,disk_file,E:/cnv/UCEI_DEEP_RESULTS/09A_LOCAL_EXTERNAL_VALIDATION_reduced_UCEI/04_external_survival_results.csv,PASS,data.table/data.frame,6,13,0.004,study_id | score_method | endpoint | predictor | n | events | logHR | HR | lower95 | upper95 | p | direction_support | nominal_support
Figure4,09A_external::05_external_validation_summary.csv,disk_file,E:/cnv/UCEI_DEEP_RESULTS/09A_LOCAL_EXTERNAL_VALIDATION_reduced_UCEI/05_external_validation_summary.csv,PASS,data.table/data.frame,4,7,0.003,validation_layer | n_results | n_direction_supported | n_nominal_supported | direction_fraction | nominal_fraction | interpretation
Figure4,09A_external::06_COPY_PASTE_external_validation_paragraph.csv,disk_file,E:/cnv/UCEI_DEEP_RESULTS/09A_LOCAL_EXTERNAL_VALIDATION_reduced_UCEI/06_COPY_PASTE_external_validation_paragraph.csv,PASS,data.table/data.frame,1,2,0.002,section | paragraph
Figure4,09A_external::07_STRICT_09A_LOCAL_external_validation_audit.csv,disk_file,E:/cnv/UCEI_DEEP_RESULTS/09A_LOCAL_EXTERNAL_VALIDATION_reduced_UCEI/07_STRICT_09A_LOCAL_external_validation_audit.csv,PASS,data.table/data.frame,9,2,0.002,test | status
Figure4,09A_external::sample_scores_prad_mskcc.csv,disk_file,E:/cnv/UCEI_DEEP_RESULTS/09A_LOCAL_EXTERNAL_VALIDATION_reduced_UCEI/sample_scores_prad_mskcc.csv,PASS,data.table/data.frame,410,20,0.11,SAMPLE_ID | score_method | n_units | state_entropy | altered_frac | amp_frac | del_frac | high_amp_frac | deep_del_frac | ampdel_balance | reduced_UCEI_proxy_raw | reduced_UCEI_proxy_z | total_bp | transition_entropy | mean_abs_segmean | sd_segmean | log_n_segments | metastatic_binary | aggressive_binary | endpoint_text
Figure4,09A_external::sample_scores_prad_p1000.csv,disk_file,E:/cnv/UCEI_DEEP_RESULTS/09A_LOCAL_EXTERNAL_VALIDATION_reduced_UCEI/sample_scores_prad_p1000.csv,PASS,data.table/data.frame,2026,20,0.526,SAMPLE_ID | score_method | n_units | state_entropy | altered_frac | amp_frac | del_frac | high_amp_frac | deep_del_frac | ampdel_balance | reduced_UCEI_proxy_raw | reduced_UCEI_proxy_z | total_bp | transition_entropy | mean_abs_segmean | sd_segmean | log_n_segments | metastatic_binary | aggressive_binary | endpoint_text
Figure4,09A_external::sample_scores_prad_su2c_2019.csv,disk_file,E:/cnv/UCEI_DEEP_RESULTS/09A_LOCAL_EXTERNAL_VALIDATION_reduced_UCEI/sample_scores_prad_su2c_2019.csv,PASS,data.table/data.frame,887,27,0.283,SAMPLE_ID | score_method | n_units | state_entropy | altered_frac | amp_frac | del_frac | high_amp_frac | deep_del_frac | ampdel_balance | reduced_UCEI_proxy_raw | reduced_UCEI_proxy_z | total_bp | transition_entropy | mean_abs_segmean | sd_segmean | log_n_segments | external_ArchSig_z | external_GenericProlif_z | n_ArchSig_genes | n_GenericProlif_genes | metastatic_binary | aggressive_binary | endpoint_text | survival_time | survival_status_raw | survival_event
Figure4,09A_external::sample_scores_prostate_msk_2024.csv,disk_file,E:/cnv/UCEI_DEEP_RESULTS/09A_LOCAL_EXTERNAL_VALIDATION_reduced_UCEI/sample_scores_prostate_msk_2024.csv,PASS,data.table/data.frame,4513,23,1.322,SAMPLE_ID | score_method | n_units | state_entropy | altered_frac | amp_frac | del_frac | high_amp_frac | deep_del_frac | ampdel_balance | reduced_UCEI_proxy_raw | reduced_UCEI_proxy_z | total_bp | transition_entropy | mean_abs_segmean | sd_segmean | log_n_segments | metastatic_binary | aggressive_binary | endpoint_text | survival_time | survival_status_raw | survival_event
Figure4,09A_external::sample_scores_ucec_msk_2018.csv,disk_file,E:/cnv/UCEI_DEEP_RESULTS/09A_LOCAL_EXTERNAL_VALIDATION_reduced_UCEI/sample_scores_ucec_msk_2018.csv,PASS,data.table/data.frame,394,20,0.11,SAMPLE_ID | score_method | n_units | state_entropy | altered_frac | amp_frac | del_frac | high_amp_frac | deep_del_frac | ampdel_balance | reduced_UCEI_proxy_raw | reduced_UCEI_proxy_z | total_bp | transition_entropy | mean_abs_segmean | sd_segmean | log_n_segments | metastatic_binary | aggressive_binary | endpoint_text
Figure4,09B_strict_external::01_external_cohort_usability.csv,disk_file,E:/cnv/UCEI_DEEP_RESULTS/09B_STRICT_EXTERNAL_VALIDATION_SUMMARY/01_external_cohort_usability.csv,PASS,data.table/data.frame,6,9,0.004,cohort_id | status | n_unique_samples | score_methods | has_external_archsig | n_archsig_results | n_binary_results | n_survival_results | usable_for_primary_external
Figure4,09B_strict_external::02_PRIMARY_external_mechanism_UCEI_to_ArchSig.csv,disk_file,E:/cnv/UCEI_DEEP_RESULTS/09B_STRICT_EXTERNAL_VALIDATION_SUMMARY/02_PRIMARY_external_mechanism_UCEI_to_ArchSig.csv,PASS,data.table/data.frame,2,13,0.004,study_id | score_method | endpoint | n | n_ArchSig_genes_median | spearman_rho | spearman_p | lm_beta | lm_p | direction_support | nominal_support | validation_type | support_class
Figure4,09B_strict_external::03_PRIMARY_external_binary_clinical_deduplicated.csv,disk_file,E:/cnv/UCEI_DEEP_RESULTS/09B_STRICT_EXTERNAL_VALIDATION_SUMMARY/03_PRIMARY_external_binary_clinical_deduplicated.csv,PASS,data.table/data.frame,8,22,0.008,study_id | score_method | endpoint | predictor | n | n_event | n_control | mean_event | mean_control | delta_event_minus_control | wilcox_p | logistic_beta | logistic_OR | logistic_p | direction_support | nominal_support | event_fraction | endpoint_quality | endpoint_priority | validation_type | support_class | manuscript_use
Figure4,09B_strict_external::04_PRIMARY_external_survival_strict.csv,disk_file,E:/cnv/UCEI_DEEP_RESULTS/09B_STRICT_EXTERNAL_VALIDATION_SUMMARY/04_PRIMARY_external_survival_strict.csv,PASS,data.table/data.frame,6,16,0.006,study_id | score_method | endpoint | predictor | n | events | logHR | HR | lower95 | upper95 | p | direction_support | nominal_support | validation_type | support_class | manuscript_use
Figure4,09B_strict_external::05_PRIMARY_external_validation_ledger.csv,disk_file,E:/cnv/UCEI_DEEP_RESULTS/09B_STRICT_EXTERNAL_VALIDATION_SUMMARY/05_PRIMARY_external_validation_ledger.csv,PASS,data.table/data.frame,12,9,0.007,evidence_layer | cohort_id | score_method | endpoint | predictor | n | key_result | support_class | manuscript_use
Figure4,09B_strict_external::06_STRICT_external_validation_summary.csv,disk_file,E:/cnv/UCEI_DEEP_RESULTS/09B_STRICT_EXTERNAL_VALIDATION_SUMMARY/06_STRICT_external_validation_summary.csv,PASS,data.table/data.frame,5,5,0.003,layer | n_tested | n_supported | support_fraction | interpretation
Figure4,09B_strict_external::07_COPY_PASTE_STRICT_external_validation_paragraph.csv,disk_file,E:/cnv/UCEI_DEEP_RESULTS/09B_STRICT_EXTERNAL_VALIDATION_SUMMARY/07_COPY_PASTE_STRICT_external_validation_paragraph.csv,PASS,data.table/data.frame,1,2,0.002,section | paragraph
Figure4,09B_strict_external::08_STRICT_09B_audit.csv,disk_file,E:/cnv/UCEI_DEEP_RESULTS/09B_STRICT_EXTERNAL_VALIDATION_SUMMARY/08_STRICT_09B_audit.csv,PASS,data.table/data.frame,7,2,0.002,test | status
Figure5,B8_archsig_by_cancer,current_R_object,B8_archsig_by_cancer,PASS,data.table/data.frame,9,7,0.003,cancer | n | pearson | spearman | p_spearman | p_BH | abs_spearman
Figure5,B8_archsig_overall,current_R_object,B8_archsig_overall,PASS,data.table/data.frame,1,4,0.002,n | cancers | pearson | spearman
Figure5,B8_cancer_summary,current_R_object,B8_cancer_summary,PASS,data.table/data.frame,9,6,0.003,cancer | B2_n | matched_atlas | finite_ArchSig | exact_sample16 | patient_fallback
Figure5,B8_COMMON_V2_BIOLOGY,current_R_object,B8_COMMON_V2_BIOLOGY,PASS,data.table/data.frame,3243,29,1.344,sample_id | cancer | UCEI_v2_raw | UCEI_v2_z | UCEI_v2_z_bench_z | burden_total | burden_total_bench_z | pfi_time | pfi_event | age | age_bench_z | stage2 | stage2_ord | sample16 | patient12 | atlas_row | match_type | atlas_cancer | ArchSig | ArchSig_Core | Centromere_Loading | E2F_MYC_FOXM1_Axis | Generic_Proliferation | Kinetochore_Checkpoint | Replication_Stress_DNARepair | Spindle_Mitosis | ArchSig_resid_Prolif | grade2 | cancer_match
Figure5,B8_cont_lrt,current_R_object,B8_cont_lrt,PASS,data.table/data.frame,5,11,0.004,test | chisq | df | p | C_reduced | C_full | delta_C | AIC_reduced | AIC_full | delta_AIC | p_BH
Figure5,B8_joint,current_R_object,B8_joint,PASS,data.table/data.frame,4,9,0.003,term | coef | exp(coef) | se(coef) | z | Pr(>|z|) | HR | CI_low | CI_high
Figure5,B8_joint_ci,current_R_object,B8_joint_ci,PASS,data.table/data.frame,4,5,0.002,term | exp(coef) | exp(-coef) | lower .95 | upper .95
Figure5,B8_joint_coef,current_R_object,B8_joint_coef,PASS,data.table/data.frame,4,6,0.002,term | coef | exp(coef) | se(coef) | z | Pr(>|z|)
Figure5,B8_module_coupling,current_R_object,B8_module_coupling,PASS,data.table/data.frame,9,7,0.004,module | n | pearson | spearman | p_spearman | p_BH | abs_spearman
Figure5,B8_module_coverage,current_R_object,B8_module_coverage,PASS,data.table/data.frame,9,3,0.002,variable | n_finite | fraction_finite
Figure5,B8K_clin0,current_R_object,B8K_clin0,PASS,coxph,,,0.522,coefficients | var | loglik | score | iter | linear.predictors | residuals | means | method | n | nevent | terms | assign | wald.test | concordance | y | timefix | formula | xlevels | contrasts | call
Figure5,B8K_clin_a,current_R_object,B8K_clin_a,PASS,coxph,,,0.524,coefficients | var | loglik | score | iter | linear.predictors | residuals | means | method | n | nevent | terms | assign | wald.test | concordance | y | timefix | formula | xlevels | contrasts | call
Figure5,B8K_clin_u,current_R_object,B8K_clin_u,PASS,coxph,,,0.524,coefficients | var | loglik | score | iter | linear.predictors | residuals | means | method | n | nevent | terms | assign | wald.test | concordance | y | timefix | formula | xlevels | contrasts | call
Figure5,B8K_clin_joint,current_R_object,B8K_clin_joint,PASS,coxph,,,0.526,coefficients | var | loglik | score | iter | linear.predictors | residuals | means | method | n | nevent | terms | assign | wald.test | concordance | y | timefix | formula | xlevels | contrasts | call
Figure5,B8K_clin_state,current_R_object,B8K_clin_state,PASS,coxph,,,0.525,coefficients | var | loglik | score | iter | linear.predictors | residuals | means | method | n | nevent | terms | assign | wald.test | concordance | y | timefix | formula | xlevels | contrasts | call
Figure5,B8K_coef,current_R_object,B8K_coef,PASS,function,,,0.057,""
Figure5,B8K_cohort,current_R_object,B8K_cohort,PASS,data.table/data.frame,9,3,0.002,cancer | n | events
Figure5,B8K_joint_compare,current_R_object,B8K_joint_compare,PASS,data.table/data.frame,11,10,0.005,term | coef | exp(coef) | se(coef) | z | Pr(>|z|) | HR | CI_low | CI_high | model
Figure5,B8K_LRT,current_R_object,B8K_LRT,PASS,data.table/data.frame,7,11,0.004,test | chisq | df | p | C_reduced | C_full | delta_C | AIC_reduced | AIC_full | delta_AIC | p_BH
Figure5,B8K_pre0,current_R_object,B8K_pre0,PASS,coxph,,,0.512,coefficients | var | loglik | score | iter | linear.predictors | residuals | means | method | n | nevent | terms | assign | wald.test | concordance | y | timefix | formula | xlevels | call
Figure5,B8K_pre_a,current_R_object,B8K_pre_a,PASS,coxph,,,0.514,coefficients | var | loglik | score | iter | linear.predictors | residuals | means | method | n | nevent | terms | assign | wald.test | concordance | y | timefix | formula | xlevels | call
Figure5,B8K_pre_u,current_R_object,B8K_pre_u,PASS,coxph,,,0.514,coefficients | var | loglik | score | iter | linear.predictors | residuals | means | method | n | nevent | terms | assign | wald.test | concordance | y | timefix | formula | xlevels | call
Figure5,B8K_pre_joint,current_R_object,B8K_pre_joint,PASS,coxph,,,0.516,coefficients | var | loglik | score | iter | linear.predictors | residuals | means | method | n | nevent | terms | assign | wald.test | concordance | y | timefix | formula | xlevels | call
Figure5,B8K_state_cox,current_R_object,B8K_state_cox,PASS,data.table/data.frame,12,10,0.005,term | coef | exp(coef) | se(coef) | z | Pr(>|z|) | HR | CI_low | CI_high | model
Figure5,B8K_report,current_R_object,B8K_report,PASS,list,,,0.019,PFI_event_column | unchanged_cancers | unchanged_clinical_variable | ACC | PRAD | LGG | cohort | n | events | LRT | joint | four_state
Figure6,08A_mediation::01_main_survival_mediation_point_estimates.csv,disk_file,E:/cnv/UCEI_DEEP_RESULTS/08A_UCEI_survival_mediation/01_main_survival_mediation_point_estimates.csv,PASS,data.table/data.frame,8,20,0.007,mediator | n | events | alpha_exposure_to_mediator | alpha_p | beta_mediator_to_survival | beta_mediator_HR | beta_mediator_p | total_logHR_exposure | total_HR_exposure | total_p | direct_logHR_exposure | direct_HR_exposure | direct_p | indirect_product_logHR | indirect_product_HR | indirect_difference_logHR | indirect_difference_HR | prop_mediated_product | prop_mediated_difference
Figure6,08A_mediation::02_bootstrap_survival_mediation_estimates.csv,disk_file,E:/cnv/UCEI_DEEP_RESULTS/08A_UCEI_survival_mediation/02_bootstrap_survival_mediation_estimates.csv,PASS,data.table/data.frame,2400,21,0.363,mediator | n | events | alpha_exposure_to_mediator | alpha_p | beta_mediator_to_survival | beta_mediator_HR | beta_mediator_p | total_logHR_exposure | total_HR_exposure | total_p | direct_logHR_exposure | direct_HR_exposure | direct_p | indirect_product_logHR | indirect_product_HR | indirect_difference_logHR | indirect_difference_HR | prop_mediated_product | prop_mediated_difference | boot_id
Figure6,08A_mediation::03_bootstrap_survival_mediation_summary.csv,disk_file,E:/cnv/UCEI_DEEP_RESULTS/08A_UCEI_survival_mediation/03_bootstrap_survival_mediation_summary.csv,PASS,data.table/data.frame,8,14,0.005,mediator | boot_success_n | indirect_product_median | indirect_product_lower95 | indirect_product_upper95 | indirect_difference_median | indirect_difference_lower95 | indirect_difference_upper95 | prop_mediated_product_median | prop_mediated_product_lower95 | prop_mediated_product_upper95 | prop_mediated_difference_median | prop_mediated_difference_lower95 | prop_mediated_difference_upper95
Figure6,08A_mediation::04_FINAL_survival_mediation_summary.csv,disk_file,E:/cnv/UCEI_DEEP_RESULTS/08A_UCEI_survival_mediation/04_FINAL_survival_mediation_summary.csv,PASS,data.table/data.frame,8,37,0.012,mediator | n | events | alpha_exposure_to_mediator | alpha_p | beta_mediator_to_survival | beta_mediator_HR | beta_mediator_p | total_logHR_exposure | total_HR_exposure | total_p | direct_logHR_exposure | direct_HR_exposure | direct_p | indirect_product_logHR | indirect_product_HR | indirect_difference_logHR | indirect_difference_HR | prop_mediated_product | prop_mediated_difference | boot_success_n | indirect_product_median | indirect_product_lower95 | indirect_product_upper95 | indirect_difference_median | indirect_difference_lower95 | indirect_difference_upper95 | prop_mediated_product_median | prop_mediated_product_lower95 | prop_mediated_product_upper95 | prop_mediated_difference_median | prop_mediated_difference_lower95 | prop_mediated_difference_upper95 | indirect_product_CI_excludes_0 | indirect_difference_CI_excludes_0 | mediation_support | abs_indirect_product
Figure6,08A_mediation::05_STRICT_survival_mediation_audit.csv,disk_file,E:/cnv/UCEI_DEEP_RESULTS/08A_UCEI_survival_mediation/05_STRICT_survival_mediation_audit.csv,PASS,data.table/data.frame,5,2,0.002,test | status
Figure6,08B_incremental::01_nested_Cox_model_comparison.csv,disk_file,E:/cnv/UCEI_DEEP_RESULTS/08B_UCEI_incremental_coupling/01_nested_Cox_model_comparison.csv,PASS,data.table/data.frame,13,14,0.006,model | status | n | events | n_coef | logLik | AIC | C_index | C_index_se | LR_vs_baseline | df_vs_baseline | p_vs_baseline | delta_AIC_vs_baseline | delta_Cindex_vs_baseline
Figure6,08B_incremental::02_Cox_model_term_results.csv,disk_file,E:/cnv/UCEI_DEEP_RESULTS/08B_UCEI_incremental_coupling/02_Cox_model_term_results.csv,PASS,data.table/data.frame,182,11,0.021,term | coef | exp(coef) | se(coef) | z | p | HR | HR_lower95 | HR_upper95 | model | status
Figure6,08B_incremental::03_key_specificity_and_coupling_terms.csv,disk_file,E:/cnv/UCEI_DEEP_RESULTS/08B_UCEI_incremental_coupling/03_key_specificity_and_coupling_terms.csv,PASS,data.table/data.frame,23,11,0.007,term | coef | exp(coef) | se(coef) | z | p | HR | HR_lower95 | HR_upper95 | model | status
Figure6,08B_incremental::04_cross_validated_Cindex_detail.csv,disk_file,E:/cnv/UCEI_DEEP_RESULTS/08B_UCEI_incremental_coupling/04_cross_validated_Cindex_detail.csv,PASS,data.table/data.frame,1350,9,0.076,repeat_id | fold | model | c_index | n_test | events_test | status | baseline_c_index | delta_c_index_vs_baseline
Figure6,08B_incremental::05_cross_validated_Cindex_summary.csv,disk_file,E:/cnv/UCEI_DEEP_RESULTS/08B_UCEI_incremental_coupling/05_cross_validated_Cindex_summary.csv,PASS,data.table/data.frame,9,11,0.005,model | n_valid | mean_c_index | median_c_index | lower95_c_index | upper95_c_index | mean_delta_vs_baseline | median_delta_vs_baseline | lower95_delta_vs_baseline | upper95_delta_vs_baseline | p_delta_vs_baseline
Figure6,08B_incremental::06_STRICT_incremental_value_audit.csv,disk_file,E:/cnv/UCEI_DEEP_RESULTS/08B_UCEI_incremental_coupling/06_STRICT_incremental_value_audit.csv,PASS,data.table/data.frame,8,4,0.005,test | status | manuscript_value | caution
Figure6,08D_drivers::01_STRICT_latent_order_manifest_driver_targets.csv,disk_file,E:/cnv/UCEI_DEEP_RESULTS/08D_STRICT_latent_order_manifest_drivers/01_STRICT_latent_order_manifest_driver_targets.csv,PASS,data.table/data.frame,59,29,0.028,gene | framework_driver_score | driver_tier | target_classes | supported_mediators | matched_pass_modules | network_score | max_mediation_weight | max_matched_support_score | STRING_degree | STRING_high_conf_degree | STRING_very_high_conf_degree | evidence_flags | manuscript_role | claim_allowed | claim_forbidden | latent_manifest_axes | n_axes | has_core_axis | has_network_support | has_mediation_support | has_burden_matched_support | has_named_target_class | strict_driver_score | strict_tier | latent_order_role | testable_prediction | manuscript_claim | forbidden_claim
Figure6,08D_drivers::02_TIER_A_strict_multievidence_drivers.csv,disk_file,E:/cnv/UCEI_DEEP_RESULTS/08D_STRICT_latent_order_manifest_drivers/02_TIER_A_strict_multievidence_drivers.csv,PASS,data.table/data.frame,40,29,0.023,gene | framework_driver_score | driver_tier | target_classes | supported_mediators | matched_pass_modules | network_score | max_mediation_weight | max_matched_support_score | STRING_degree | STRING_high_conf_degree | STRING_very_high_conf_degree | evidence_flags | manuscript_role | claim_allowed | claim_forbidden | latent_manifest_axes | n_axes | has_core_axis | has_network_support | has_mediation_support | has_burden_matched_support | has_named_target_class | strict_driver_score | strict_tier | latent_order_role | testable_prediction | manuscript_claim | forbidden_claim
Figure6,08D_drivers::03_axis_level_driver_summary.csv,disk_file,E:/cnv/UCEI_DEEP_RESULTS/08D_STRICT_latent_order_manifest_drivers/03_axis_level_driver_summary.csv,PASS,data.table/data.frame,6,6,0.003,latent_manifest_axes | n_candidates | tier_A | top_genes | mean_strict_score | max_strict_score
Figure6,08D_drivers::04_recommended_manuscript_target_panels.csv,disk_file,E:/cnv/UCEI_DEEP_RESULTS/08D_STRICT_latent_order_manifest_drivers/04_recommended_manuscript_target_panels.csv,PASS,data.table/data.frame,6,3,0.003,panel | primary_targets | manuscript_use
Figure6,08D_drivers::05_STRICT_08D_audit.csv,disk_file,E:/cnv/UCEI_DEEP_RESULTS/08D_STRICT_latent_order_manifest_drivers/05_STRICT_08D_audit.csv,PASS,data.table/data.frame,7,2,0.002,test | status
Figure6,08E_latent_manifest::01_entropy_component_orientation.csv,disk_file,E:/cnv/UCEI_DEEP_RESULTS/08E_FORMAL_latent_order_manifest_model/01_entropy_component_orientation.csv,PASS,data.table/data.frame,6,5,0.003,component | rho_to_UCEI_resid | p_to_UCEI_resid | n | orientation_multiplier
Figure6,08E_latent_manifest::02_manifest_module_orientation.csv,disk_file,E:/cnv/UCEI_DEEP_RESULTS/08E_FORMAL_latent_order_manifest_model/02_manifest_module_orientation.csv,PASS,data.table/data.frame,7,5,0.003,module | rho_to_ArchSig | p_to_ArchSig | n | orientation_multiplier
Figure6,08E_latent_manifest::03_latent_order_PCA_loadings.csv,disk_file,E:/cnv/UCEI_DEEP_RESULTS/08E_FORMAL_latent_order_manifest_model/03_latent_order_PCA_loadings.csv,PASS,data.table/data.frame,6,5,0.003,variable | PC1_loading | PC2_loading | variance_PC1 | variance_PC2
Figure6,08E_latent_manifest::04_manifest_mechanism_PCA_loadings.csv,disk_file,E:/cnv/UCEI_DEEP_RESULTS/08E_FORMAL_latent_order_manifest_model/04_manifest_mechanism_PCA_loadings.csv,PASS,data.table/data.frame,7,5,0.003,variable | PC1_loading | PC2_loading | variance_PC1 | variance_PC2
Figure6,08E_latent_manifest::05_latent_order_to_manifest_path.csv,disk_file,E:/cnv/UCEI_DEEP_RESULTS/08E_FORMAL_latent_order_manifest_model/05_latent_order_to_manifest_path.csv,PASS,data.table/data.frame,1,12,0.003,path | term | estimate | se | t | p | n | r2 | adj_r2 | spearman_rho | spearman_p | spearman_n
Figure6,08E_latent_manifest::06_latent_manifest_Cox_model_comparison.csv,disk_file,E:/cnv/UCEI_DEEP_RESULTS/08E_FORMAL_latent_order_manifest_model/06_latent_manifest_Cox_model_comparison.csv,PASS,data.table/data.frame,5,14,0.005,model | status | n | events | n_coef | logLik | AIC | C_index | C_index_se | LR_vs_baseline | df_vs_baseline | p_vs_baseline | delta_AIC_vs_baseline | delta_Cindex_vs_baseline
Figure6,08E_latent_manifest::07_latent_manifest_Cox_terms.csv,disk_file,E:/cnv/UCEI_DEEP_RESULTS/08E_FORMAL_latent_order_manifest_model/07_latent_manifest_Cox_terms.csv,PASS,data.table/data.frame,67,11,0.01,term | coef | exp(coef) | se(coef) | z | p | HR | HR_lower95 | HR_upper95 | model | status
Figure6,08E_latent_manifest::08_latent_factor_mediation_summary.csv,disk_file,E:/cnv/UCEI_DEEP_RESULTS/08E_FORMAL_latent_order_manifest_model/08_latent_factor_mediation_summary.csv,PASS,data.table/data.frame,1,34,0.008,n | events | alpha_latent_to_manifest | alpha_p | beta_manifest_to_survival | beta_manifest_HR | beta_p | total_logHR_latent | total_HR_latent | total_p | direct_logHR_latent | direct_HR_latent | direct_p | indirect_product_logHR | indirect_product_HR | indirect_difference_logHR | indirect_difference_HR | prop_mediated_product | prop_mediated_difference | boot_success_n | indirect_product_median | indirect_product_lower95 | indirect_product_upper95 | indirect_difference_median | indirect_difference_lower95 | indirect_difference_upper95 | prop_mediated_product_median | prop_mediated_product_lower95 | prop_mediated_product_upper95 | prop_mediated_difference_median | prop_mediated_difference_lower95 | prop_mediated_difference_upper95 | indirect_product_CI_excludes_0 | indirect_difference_CI_excludes_0
Figure6,08E_latent_manifest::10_per_cancer_latent_manifest_heterogeneity.csv,disk_file,E:/cnv/UCEI_DEEP_RESULTS/08E_FORMAL_latent_order_manifest_model/10_per_cancer_latent_manifest_heterogeneity.csv,PASS,data.table/data.frame,9,7,0.004,cancer | n | rho_latent_manifest | p_latent_manifest | mean_latent_order | mean_manifest_mechanism | padj_BH
Figure6,08E_latent_manifest::11_optional_lavaan_status.csv,disk_file,E:/cnv/UCEI_DEEP_RESULTS/08E_FORMAL_latent_order_manifest_model/11_optional_lavaan_status.csv,PASS,data.table/data.frame,1,3,0.002,test | status | note
Figure6,08E_latent_manifest::12_optional_lavaan_fit_summary.csv,disk_file,E:/cnv/UCEI_DEEP_RESULTS/08E_FORMAL_latent_order_manifest_model/12_optional_lavaan_fit_summary.csv,PASS,data.table/data.frame,0,0,0.001,""
Figure6,08E_latent_manifest::13_driver_axis_summary_from_08D.csv,disk_file,E:/cnv/UCEI_DEEP_RESULTS/08E_FORMAL_latent_order_manifest_model/13_driver_axis_summary_from_08D.csv,PASS,data.table/data.frame,6,6,0.003,latent_manifest_axes | n_candidates | tier_A | top_genes | mean_strict_score | max_strict_score
Figure6,08E_latent_manifest::14_STRICT_08E_audit.csv,disk_file,E:/cnv/UCEI_DEEP_RESULTS/08E_FORMAL_latent_order_manifest_model/14_STRICT_08E_audit.csv,PASS,data.table/data.frame,9,3,0.004,test | status | manuscript_use
Figure6,08F2_axis_bridge::01_axis_module_map.csv,disk_file,E:/cnv/UCEI_DEEP_RESULTS/08F2_MODULE_driver_axis_bridge_model/01_axis_module_map.csv,PASS,data.table/data.frame,6,6,0.005,latent_manifest_axis | axis_label | axis_col | module_cols | present_modules | n_present_modules
Figure6,08F2_axis_bridge::02_module_orientation_to_manifest.csv,disk_file,E:/cnv/UCEI_DEEP_RESULTS/08F2_MODULE_driver_axis_bridge_model/02_module_orientation_to_manifest.csv,PASS,data.table/data.frame,12,7,0.005,latent_manifest_axis | axis_col | module | rho_to_manifest | p_to_manifest | n | orientation_multiplier
Figure6,08F2_axis_bridge::03_patient_axis_scores.csv,disk_file,E:/cnv/UCEI_DEEP_RESULTS/08F2_MODULE_driver_axis_bridge_model/03_patient_axis_scores.csv,PASS,data.table/data.frame,3985,8,0.49,patient_id | cancer | Axis_Latent_Centromeric_Order | Axis_Kinetochore_Checkpoint_Order_Control | Axis_Mitotic_Kinase_Execution | Axis_Manifest_Spindle_Cytokinesis | Axis_Transcriptional_Manifestation_Regulators | Axis_Replication_Stress_DNA_Repair
Figure6,08F2_axis_bridge::04_AXIS_BRIDGE_RESULTS.csv,disk_file,E:/cnv/UCEI_DEEP_RESULTS/08F2_MODULE_driver_axis_bridge_model/04_AXIS_BRIDGE_RESULTS.csv,PASS,data.table/data.frame,6,38,0.013,latent_manifest_axis | axis_label | axis_col | module_cols | status | n | events | latent_to_axis_beta | latent_to_axis_p | latent_to_axis_r2 | axis_to_manifest_beta | axis_to_manifest_p | axis_to_manifest_r2 | indirect_latent_axis_manifest | axis_survival_HR | axis_survival_p | axis_survival_adjusted_HR | axis_survival_adjusted_p | total_latent_survival_HR | total_latent_survival_p | direct_latent_survival_after_axis_HR | direct_latent_survival_after_axis_p | attenuation_latent_survival_logHR_by_axis | latent_to_axis_padj | axis_to_manifest_padj | axis_survival_padj | axis_survival_adjusted_padj | indirect_CI_excludes_0 | attenuation_CI_excludes_0 | bridge_class | bridge_score | boot_success_n | indirect_median | indirect_lower95 | indirect_upper95 | attenuation_median | attenuation_lower95 | attenuation_upper95
Figure6,08F2_axis_bridge::05_bootstrap_axis_bridge_long.csv,disk_file,E:/cnv/UCEI_DEEP_RESULTS/08F2_MODULE_driver_axis_bridge_model/05_bootstrap_axis_bridge_long.csv,PASS,data.table/data.frame,1800,21,0.267,n | events | latent_to_axis_beta | latent_to_axis_p | latent_to_axis_r2 | axis_to_manifest_beta | axis_to_manifest_p | axis_to_manifest_r2 | indirect_latent_axis_manifest | axis_survival_HR | axis_survival_p | axis_survival_adjusted_HR | axis_survival_adjusted_p | total_latent_survival_HR | total_latent_survival_p | direct_latent_survival_after_axis_HR | direct_latent_survival_after_axis_p | attenuation_latent_survival_logHR_by_axis | latent_manifest_axis | axis_col | boot_id
Figure6,08F2_axis_bridge::06_bootstrap_axis_bridge_summary.csv,disk_file,E:/cnv/UCEI_DEEP_RESULTS/08F2_MODULE_driver_axis_bridge_model/06_bootstrap_axis_bridge_summary.csv,PASS,data.table/data.frame,6,8,0.003,latent_manifest_axis | boot_success_n | indirect_median | indirect_lower95 | indirect_upper95 | attenuation_median | attenuation_lower95 | attenuation_upper95
Figure6,08F2_axis_bridge::08_STRICT_08F2_audit.csv,disk_file,E:/cnv/UCEI_DEEP_RESULTS/08F2_MODULE_driver_axis_bridge_model/08_STRICT_08F2_audit.csv,PASS,data.table/data.frame,8,2,0.002,test | status
Figure6,08G_anti_circularity::01_axis_module_map_leave_axis_out.csv,disk_file,E:/cnv/UCEI_DEEP_RESULTS/08G_ANTI_CIRCULARITY_leave_axis_out_specificity/01_axis_module_map_leave_axis_out.csv,PASS,data.table/data.frame,6,8,0.007,latent_manifest_axis | axis_label | axis_col | module_cols | present_modules | n_present_modules | leave_axis_out_manifest_col | leave_axis_out_modules
Figure6,08G_anti_circularity::02_module_orientation.csv,disk_file,E:/cnv/UCEI_DEEP_RESULTS/08G_ANTI_CIRCULARITY_leave_axis_out_specificity/02_module_orientation.csv,PASS,data.table/data.frame,43,8,0.007,latent_manifest_axis | axis_col | module | role | rho_to_manifest | p_to_manifest | n | orientation_multiplier
Figure6,08G_anti_circularity::03_axis_and_leave_axis_out_scores.csv,disk_file,E:/cnv/UCEI_DEEP_RESULTS/08G_ANTI_CIRCULARITY_leave_axis_out_specificity/03_axis_and_leave_axis_out_scores.csv,PASS,data.table/data.frame,3985,14,0.674,patient_id | cancer | Axis_Latent_Centromeric_Order | Axis_Latent_Centromeric_Order_Manifest_LeaveAxisOut | Axis_Kinetochore_Checkpoint_Order_Control | Axis_Kinetochore_Checkpoint_Order_Control_Manifest_LeaveAxisOut | Axis_Mitotic_Kinase_Execution | Axis_Mitotic_Kinase_Execution_Manifest_LeaveAxisOut | Axis_Manifest_Spindle_Cytokinesis | Axis_Manifest_Spindle_Cytokinesis_Manifest_LeaveAxisOut | Axis_Transcriptional_Manifestation_Regulators | Axis_Transcriptional_Manifestation_Regulators_Manifest_LeaveAxisOut | Axis_Replication_Stress_DNA_Repair | Axis_Replication_Stress_DNA_Repair_Manifest_LeaveAxisOut
Figure6,08G_anti_circularity::04_ANTI_CIRCULARITY_leave_axis_out_results.csv,disk_file,E:/cnv/UCEI_DEEP_RESULTS/08G_ANTI_CIRCULARITY_leave_axis_out_specificity/04_ANTI_CIRCULARITY_leave_axis_out_results.csv,PASS,data.table/data.frame,6,51,0.019,latent_manifest_axis | axis_label | axis_col | leave_axis_out_manifest_col | axis_modules | leave_axis_out_modules | status | n | events | latent_to_axis_beta | latent_to_axis_p | latent_to_axis_r2 | axis_to_leave_manifest_beta | axis_to_leave_manifest_p | axis_to_leave_manifest_r2 | indirect_leave_axis_logbeta | axis_survival_HR | axis_survival_p | axis_survival_adjusted_leave_HR | axis_survival_adjusted_leave_p | total_latent_survival_HR | total_latent_survival_p | direct_latent_survival_after_axis_HR | direct_latent_survival_after_axis_p | attenuation_latent_survival_logHR_by_axis | latent_to_axis_padj | axis_to_leave_manifest_padj | axis_survival_padj | axis_survival_adjusted_leave_padj | boot_success_n | leave_indirect_median | leave_indirect_lower95 | leave_indirect_upper95 | attenuation_median | attenuation_lower95 | attenuation_upper95 | leave_indirect_CI_excludes_0 | attenuation_CI_excludes_0 | observed_indirect | perm_n | perm_mean | perm_sd | empirical_p_two_sided | perm_lower95 | perm_upper95 | empirical_padj_BH | anti_circularity_class | anti_circularity_score | manuscript_interpretation | allowed_claim | forbidden_claim
Figure6,08G_anti_circularity::05_bootstrap_leave_axis_out_long.csv,disk_file,E:/cnv/UCEI_DEEP_RESULTS/08G_ANTI_CIRCULARITY_leave_axis_out_specificity/05_bootstrap_leave_axis_out_long.csv,PASS,data.table/data.frame,1800,20,0.253,n | events | latent_to_axis_beta | latent_to_axis_p | latent_to_axis_r2 | axis_to_leave_manifest_beta | axis_to_leave_manifest_p | axis_to_leave_manifest_r2 | indirect_leave_axis_logbeta | axis_survival_HR | axis_survival_p | axis_survival_adjusted_leave_HR | axis_survival_adjusted_leave_p | total_latent_survival_HR | total_latent_survival_p | direct_latent_survival_after_axis_HR | direct_latent_survival_after_axis_p | attenuation_latent_survival_logHR_by_axis | latent_manifest_axis | boot_id
Figure6,08G_anti_circularity::06_bootstrap_leave_axis_out_summary.csv,disk_file,E:/cnv/UCEI_DEEP_RESULTS/08G_ANTI_CIRCULARITY_leave_axis_out_specificity/06_bootstrap_leave_axis_out_summary.csv,PASS,data.table/data.frame,6,8,0.004,latent_manifest_axis | boot_success_n | leave_indirect_median | leave_indirect_lower95 | leave_indirect_upper95 | attenuation_median | attenuation_lower95 | attenuation_upper95
Figure6,08G_anti_circularity::07_within_cancer_permutation_null.csv,disk_file,E:/cnv/UCEI_DEEP_RESULTS/08G_ANTI_CIRCULARITY_leave_axis_out_specificity/07_within_cancer_permutation_null.csv,PASS,data.table/data.frame,6,8,0.003,latent_manifest_axis | observed_indirect | perm_n | perm_mean | perm_sd | empirical_p_two_sided | perm_lower95 | perm_upper95
Figure6,08G_anti_circularity::08_STRICT_08G_anti_circularity_audit.csv,disk_file,E:/cnv/UCEI_DEEP_RESULTS/08G_ANTI_CIRCULARITY_leave_axis_out_specificity/08_STRICT_08G_anti_circularity_audit.csv,PASS,data.table/data.frame,7,3,0.003,test | status | manuscript_use
Figure6,08H_evidence_package::00_workspace_audit.csv,disk_file,E:/cnv/UCEI_DEEP_RESULTS/08H_FINAL_manuscript_evidence_package/00_workspace_audit.csv,PASS,data.table/data.frame,7,3,0.004,workspace | path | exists
Figure6,08H_evidence_package::01_MASTER_evidence_ledger.csv,disk_file,E:/cnv/UCEI_DEEP_RESULTS/08H_FINAL_manuscript_evidence_package/01_MASTER_evidence_ledger.csv,PASS,data.table/data.frame,9,7,0.01,evidence_layer | result | key_metric | value | manuscript_strength | allowed_claim | forbidden_claim
Figure6,08H_evidence_package::02_MAIN_result_table.csv,disk_file,E:/cnv/UCEI_DEEP_RESULTS/08H_FINAL_manuscript_evidence_package/02_MAIN_result_table.csv,PASS,data.table/data.frame,8,6,0.006,result_number | result_title | primary_output | manuscript_location | figure_panel | claim_strength
Figure6,08H_evidence_package::03_FIGURE_source_table.csv,disk_file,E:/cnv/UCEI_DEEP_RESULTS/08H_FINAL_manuscript_evidence_package/03_FIGURE_source_table.csv,PASS,data.table/data.frame,8,5,0.006,figure | panel | source | plot_content | required_table
Figure6,08H_evidence_package::04_REVIEWER_risk_audit.csv,disk_file,E:/cnv/UCEI_DEEP_RESULTS/08H_FINAL_manuscript_evidence_package/04_REVIEWER_risk_audit.csv,PASS,data.table/data.frame,7,4,0.004,reviewer_attack | current_defense | remaining_risk | manuscript_rule
Figure6,08H_evidence_package::05_COPY_PASTE_results_paragraphs.csv,disk_file,E:/cnv/UCEI_DEEP_RESULTS/08H_FINAL_manuscript_evidence_package/05_COPY_PASTE_results_paragraphs.csv,PASS,data.table/data.frame,6,2,0.005,section | paragraph
Figure6,10B_DepMap_report,disk_file,E:/cnv/UCEI_DEEP_RESULTS/10B_DEPMAP_GENOMEWIDE_DEPENDENCY_SIGNATURE/report10B_DepMap_genomewide_dependency_signature.rds,PASS,list,,,0.094,audit10B | decision10B | axis_rank_enrichment | signature_summary | tierA_position_summary | tierA_position | top_ranked_signature | dep_results_head | paragraph10B | out_dir
Figure6,10B_DepMap::01_genomewide_DepMap_dependency_models.csv,disk_file,E:/cnv/UCEI_DEEP_RESULTS/10B_DEPMAP_GENOMEWIDE_DEPENDENCY_SIGNATURE/01_genomewide_DepMap_dependency_models.csv,PASS,data.table/data.frame,18368,20,3.726,gene | n | beta_AM | p_AM | beta_HighHigh | p_HighHigh | beta_ExtremeHighHigh | p_ExtremeHighHigh | beta_interaction | p_interaction | mean_dependency | mean_expression | mean_cn | status | FDR_AM | FDR_HighHigh | FDR_ExtremeHighHigh | FDR_interaction | direction_AM | direction_ExtremeHighHigh
Figure6,10B_DepMap::02_axis_rank_enrichment_matched_controls.csv,disk_file,E:/cnv/UCEI_DEEP_RESULTS/10B_DEPMAP_GENOMEWIDE_DEPENDENCY_SIGNATURE/02_axis_rank_enrichment_matched_controls.csv,PASS,data.table/data.frame,7,15,0.007,axis | n_genes | genes | observed_mean_beta_AM | observed_median_beta_AM | observed_fraction_more_dependent | wilcox_rank_p | matched_random_mean_beta_median | matched_random_beta_q025 | matched_random_beta_q975 | matched_empirical_p | support | status | FDR_wilcox_rank | FDR_matched_empirical
Figure6,10B_DepMap::03_strict_FDR10_AM_dependency_signature.csv,disk_file,E:/cnv/UCEI_DEEP_RESULTS/10B_DEPMAP_GENOMEWIDE_DEPENDENCY_SIGNATURE/03_strict_FDR10_AM_dependency_signature.csv,PASS,data.table/data.frame,638,20,0.134,gene | n | beta_AM | p_AM | beta_HighHigh | p_HighHigh | beta_ExtremeHighHigh | p_ExtremeHighHigh | beta_interaction | p_interaction | mean_dependency | mean_expression | mean_cn | status | FDR_AM | FDR_HighHigh | FDR_ExtremeHighHigh | FDR_interaction | direction_AM | direction_ExtremeHighHigh
Figure6,10B_DepMap::04_nominal_p001_AM_dependency_signature.csv,disk_file,E:/cnv/UCEI_DEEP_RESULTS/10B_DEPMAP_GENOMEWIDE_DEPENDENCY_SIGNATURE/04_nominal_p001_AM_dependency_signature.csv,PASS,data.table/data.frame,753,20,0.158,gene | n | beta_AM | p_AM | beta_HighHigh | p_HighHigh | beta_ExtremeHighHigh | p_ExtremeHighHigh | beta_interaction | p_interaction | mean_dependency | mean_expression | mean_cn | status | FDR_AM | FDR_HighHigh | FDR_ExtremeHighHigh | FDR_interaction | direction_AM | direction_ExtremeHighHigh
Figure6,10B_DepMap::05_top200_ranked_AM_dependency_signature.csv,disk_file,E:/cnv/UCEI_DEEP_RESULTS/10B_DEPMAP_GENOMEWIDE_DEPENDENCY_SIGNATURE/05_top200_ranked_AM_dependency_signature.csv,PASS,data.table/data.frame,200,20,0.046,gene | n | beta_AM | p_AM | beta_HighHigh | p_HighHigh | beta_ExtremeHighHigh | p_ExtremeHighHigh | beta_interaction | p_interaction | mean_dependency | mean_expression | mean_cn | status | FDR_AM | FDR_HighHigh | FDR_ExtremeHighHigh | FDR_interaction | direction_AM | direction_ExtremeHighHigh
Figure6,10B_DepMap::06_signature_summary.csv,disk_file,E:/cnv/UCEI_DEEP_RESULTS/10B_DEPMAP_GENOMEWIDE_DEPENDENCY_SIGNATURE/06_signature_summary.csv,PASS,data.table/data.frame,3,3,0.002,signature | n_genes | top_genes
Figure6,10B_DepMap::07_TierA_position_in_dependency_ranking.csv,disk_file,E:/cnv/UCEI_DEEP_RESULTS/10B_DEPMAP_GENOMEWIDE_DEPENDENCY_SIGNATURE/07_TierA_position_in_dependency_ranking.csv,PASS,data.table/data.frame,29,24,0.012,gene | n | beta_AM | p_AM | beta_HighHigh | p_HighHigh | beta_ExtremeHighHigh | p_ExtremeHighHigh | beta_interaction | p_interaction | mean_dependency | mean_expression | mean_cn | status | FDR_AM | FDR_HighHigh | FDR_ExtremeHighHigh | FDR_interaction | direction_AM | direction_ExtremeHighHigh | expr_bin | baseline_dependency_bin | rank_beta_AM | percentile_more_dependent
Figure6,10B_DepMap::08_TierA_position_summary.csv,disk_file,E:/cnv/UCEI_DEEP_RESULTS/10B_DEPMAP_GENOMEWIDE_DEPENDENCY_SIGNATURE/08_TierA_position_summary.csv,PASS,data.table/data.frame,1,5,0.002,n_tierA_found | median_percentile | fraction_top25pct | fraction_top10pct | top_tierA_genes
Figure6,10B_DepMap::09_DECISION_10B.csv,disk_file,E:/cnv/UCEI_DEEP_RESULTS/10B_DEPMAP_GENOMEWIDE_DEPENDENCY_SIGNATURE/09_DECISION_10B.csv,PASS,data.table/data.frame,7,3,0.003,evidence_layer | result | manuscript_use
Figure6,10B_DepMap::10_AUDIT_10B.csv,disk_file,E:/cnv/UCEI_DEEP_RESULTS/10B_DEPMAP_GENOMEWIDE_DEPENDENCY_SIGNATURE/10_AUDIT_10B.csv,PASS,data.table/data.frame,8,2,0.002,test | status
Figure6,10B_DepMap::11_COPY_PASTE_10B_paragraph.csv,disk_file,E:/cnv/UCEI_DEEP_RESULTS/10B_DEPMAP_GENOMEWIDE_DEPENDENCY_SIGNATURE/11_COPY_PASTE_10B_paragraph.csv,PASS,data.table/data.frame,1,2,0.002,section | paragraph
Figure6,15B_triadic_entropy_mechanics,disk_file,E:/cnv/UCEI_DEEP_RESULTS/15B_TRIADIC_FIXED_20260722_062335/15B_triadic_entropy_mechanics_pathway_results_FIXED.csv,PASS,data.table/data.frame,9,23,0.009,pathway | n | beta_UCEI | p_UCEI | beta_ArchSig | p_ArchSig | beta_interaction | p_interaction | beta_entropy_debt | p_entropy_debt | adj_r2 | status | FDR_UCEI | FDR_ArchSig | FDR_interaction | FDR_entropy_debt | latent_buffer_index | debt_buffer_index | coupling_index | mechanics_mode | abs_latent_buffer_index | abs_debt_buffer_index | abs_coupling_index
Figure6,G22A_gene_protein_entropy_map,current_R_object,G22A_gene_protein_entropy_map,PASS,data.table/data.frame,7408,22,1.619,gene | n | beta_entropy_to_protein_after_RNA | p_entropy_to_protein_after_RNA | beta_entropy_to_protein_minus_RNA | p_entropy_to_protein_minus_RNA | beta_entropy_to_dependency_after_protein_RNA | p_entropy_to_dependency_after_protein_RNA | beta_protein_to_dependency | p_protein_to_dependency | beta_RNA_to_dependency | p_RNA_to_dependency | beta_entropy_x_protein_minus_RNA | p_entropy_x_protein_minus_RNA | FDR_entropy_to_protein_after_RNA | FDR_entropy_to_protein_minus_RNA | FDR_entropy_to_dependency_after_protein_RNA | FDR_protein_to_dependency | FDR_RNA_to_dependency | FDR_entropy_x_protein_minus_RNA | entropy_protein_class | priority_score
Figure6,G22A_class_audit,current_R_object,G22A_class_audit,PASS,data.table/data.frame,5,2,0.002,entropy_protein_class | N
Figure6,G22A_expected_counts,current_R_object,G22A_expected_counts,PASS,integer,,,0.001,""
Figure6,G22A_observed_counts,current_R_object,G22A_observed_counts,PASS,integer,,,0.001,""
Figure6,G22A_n_genes,current_R_object,G22A_n_genes,PASS,integer,,,0,""
Figure6,G22A_n_rows,current_R_object,G22A_n_rows,PASS,integer,,,0,""
Figure6,G22A_prioritized_n,current_R_object,G22A_prioritized_n,PASS,integer,,,0,""
Figure6,22A_proteomic::22A_entropy_buffer_module_enrichment.csv,disk_file,E:/cnv/UCEI_DEEP_RESULTS/22A_GENOMEWIDE_PROTEOMIC_ENTROPY_BUFFER_MAP_20260731_051236/22A_entropy_buffer_module_enrichment.csv,PASS,data.table/data.frame,35,9,0.006,entropy_protein_class | module | background_genes | class_genes | module_genes | overlap | overlap_genes | p_hypergeom | FDR_hypergeom
Figure6,22A_proteomic::22A_genomewide_protein_entropy_dependency_map.csv,disk_file,E:/cnv/UCEI_DEEP_RESULTS/22A_GENOMEWIDE_PROTEOMIC_ENTROPY_BUFFER_MAP_20260731_051236/22A_genomewide_protein_entropy_dependency_map.csv,PASS,data.table/data.frame,7408,22,1.619,gene | n | beta_entropy_to_protein_after_RNA | p_entropy_to_protein_after_RNA | beta_entropy_to_protein_minus_RNA | p_entropy_to_protein_minus_RNA | beta_entropy_to_dependency_after_protein_RNA | p_entropy_to_dependency_after_protein_RNA | beta_protein_to_dependency | p_protein_to_dependency | beta_RNA_to_dependency | p_RNA_to_dependency | beta_entropy_x_protein_minus_RNA | p_entropy_x_protein_minus_RNA | FDR_entropy_to_protein_after_RNA | FDR_entropy_to_protein_minus_RNA | FDR_entropy_to_dependency_after_protein_RNA | FDR_protein_to_dependency | FDR_RNA_to_dependency | FDR_entropy_x_protein_minus_RNA | entropy_protein_class | priority_score
Figure6,G22B_final_bundle,current_R_object,G22B_final_bundle,PASS,list,,,8.637,background | class_table | source_audit | source_counts_filtered | query_coverage | eligible_pathways | all_results | significant_results | significant_counts | top_nonredundant | top_combined | cross_class | theme_summary | decision | output_directory
Figure6,G22B_class_table,current_R_object,G22B_class_table,PASS,data.table/data.frame,5,2,0.002,class_id | class_label
Figure6,G22B_cross_class,current_R_object,G22B_cross_class,PASS,data.table/data.frame,0,9,0.003,source | pathway_id | pathway | pid | n_classes | classes | minimum_global_FDR | maximum_overlap | maximum_fold_enrichment
Figure6,G22B_decision,current_R_object,G22B_decision,PASS,data.table/data.frame,9,2,0.003,item | value
Figure6,G22B_pathway_enrichment_final,current_R_object,G22B_pathway_enrichment_final,PASS,data.table/data.frame,25380,24,6.109,class_id | pid | class_label | n | source | pathway_id | pathway | K | description | db_version | overlap | intersection | p_value | gene_ratio | background_ratio | fold_enrichment | a_HA | b_HA | c_HA | d_HA | odds_ratio_HA | FDR_global | FDR_source | primary_significant
Figure6,G22B_results,current_R_object,G22B_results,PASS,data.table/data.frame,25380,24,6.109,class_id | pid | class_label | n | source | pathway_id | pathway | K | description | db_version | overlap | intersection | p_value | gene_ratio | background_ratio | fold_enrichment | a_HA | b_HA | c_HA | d_HA | odds_ratio_HA | FDR_global | FDR_source | primary_significant
Figure6,G22B_sig_counts,current_R_object,G22B_sig_counts,PASS,data.table/data.frame,25,6,0.005,class_id | class_label | source | pathways_tested | significant_global | minimum_global_FDR
Figure6,G22B_significant,current_R_object,G22B_significant,PASS,data.table/data.frame,43,24,0.031,class_id | pid | class_label | n | source | pathway_id | pathway | K | description | db_version | overlap | intersection | p_value | gene_ratio | background_ratio | fold_enrichment | a_HA | b_HA | c_HA | d_HA | odds_ratio_HA | FDR_global | FDR_source | primary_significant
Figure6,G22B_theme_summary,current_R_object,G22B_theme_summary,PASS,data.table/data.frame,9,6,0.005,theme | class_id | class_label | significant_pathways | best_FDR | example_pathways
Figure6,G22B_top_combined,current_R_object,G22B_top_combined,PASS,data.table/data.frame,15,24,0.016,class_id | pid | class_label | n | source | pathway_id | pathway | K | description | db_version | overlap | intersection | p_value | gene_ratio | background_ratio | fold_enrichment | a_HA | b_HA | c_HA | d_HA | odds_ratio_HA | FDR_global | FDR_source | primary_significant
Figure6,G22B_top_nonredundant,current_R_object,G22B_top_nonredundant,PASS,data.table/data.frame,30,24,0.025,class_id | pid | class_label | n | source | pathway_id | pathway | K | description | db_version | overlap | intersection | p_value | gene_ratio | background_ratio | fold_enrichment | a_HA | b_HA | c_HA | d_HA | odds_ratio_HA | FDR_global | FDR_source | primary_significant
Figure6,G22B_top_subclasses,current_R_object,G22B_top_subclasses,PASS,data.table/data.frame,15,24,0.015,class_id | pid | class_label | n | source | pathway_id | pathway | K | description | db_version | overlap | intersection | p_value | gene_ratio | background_ratio | fold_enrichment | a_HA | b_HA | c_HA | d_HA | odds_ratio_HA | FDR_global | FDR_source | primary_significant
Figure6,22B_pathway::03_22B_filtered_source_counts.csv,disk_file,E:/cnv/UCEI_DEEP_RESULTS/22B_EXTERNAL_PATHWAY_ENRICHMENT_FINAL_20260902/03_22B_filtered_source_counts.csv,PASS,data.table/data.frame,4,3,0.002,source | pathways_tested | background_genes_mapped
Figure6,22B_pathway::04_22B_query_gene_coverage.csv,disk_file,E:/cnv/UCEI_DEEP_RESULTS/22B_EXTERNAL_PATHWAY_ENRICHMENT_FINAL_20260902/04_22B_query_gene_coverage.csv,PASS,data.table/data.frame,5,5,0.003,class_id | class_label | query_genes | mapped_to_filtered_pathways | mapping_fraction
Figure6,22B_pathway::05_22B_ALL_ORA_results.csv,disk_file,E:/cnv/UCEI_DEEP_RESULTS/22B_EXTERNAL_PATHWAY_ENRICHMENT_FINAL_20260902/05_22B_ALL_ORA_results.csv,PASS,data.table/data.frame,25380,24,6.012,class_id | pid | class_label | n | source | pathway_id | pathway | K | description | db_version | overlap | intersection | p_value | gene_ratio | background_ratio | fold_enrichment | a_HA | b_HA | c_HA | d_HA | odds_ratio_HA | FDR_global | FDR_source | primary_significant
Figure6,22B_pathway::06_22B_SIGNIFICANT_global_FDR.csv,disk_file,E:/cnv/UCEI_DEEP_RESULTS/22B_EXTERNAL_PATHWAY_ENRICHMENT_FINAL_20260902/06_22B_SIGNIFICANT_global_FDR.csv,PASS,data.table/data.frame,43,24,0.03,class_id | pid | class_label | n | source | pathway_id | pathway | K | description | db_version | overlap | intersection | p_value | gene_ratio | background_ratio | fold_enrichment | a_HA | b_HA | c_HA | d_HA | odds_ratio_HA | FDR_global | FDR_source | primary_significant
Figure6,22B_pathway::07_22B_significant_pathway_counts.csv,disk_file,E:/cnv/UCEI_DEEP_RESULTS/22B_EXTERNAL_PATHWAY_ENRICHMENT_FINAL_20260902/07_22B_significant_pathway_counts.csv,PASS,data.table/data.frame,25,6,0.004,class_id | class_label | source | pathways_tested | significant_global | minimum_global_FDR
Figure6,22B_pathway::08_22B_TOP_NONREDUNDANT_pathways.csv,disk_file,E:/cnv/UCEI_DEEP_RESULTS/22B_EXTERNAL_PATHWAY_ENRICHMENT_FINAL_20260902/08_22B_TOP_NONREDUNDANT_pathways.csv,PASS,data.table/data.frame,30,24,0.024,class_id | pid | class_label | n | source | pathway_id | pathway | K | description | db_version | overlap | intersection | p_value | gene_ratio | background_ratio | fold_enrichment | a_HA | b_HA | c_HA | d_HA | odds_ratio_HA | FDR_global | FDR_source | primary_significant
Figure6,22B_pathway::09_22B_TOP_COMBINED_165_pathways.csv,disk_file,E:/cnv/UCEI_DEEP_RESULTS/22B_EXTERNAL_PATHWAY_ENRICHMENT_FINAL_20260902/09_22B_TOP_COMBINED_165_pathways.csv,PASS,data.table/data.frame,15,24,0.016,class_id | pid | class_label | n | source | pathway_id | pathway | K | description | db_version | overlap | intersection | p_value | gene_ratio | background_ratio | fold_enrichment | a_HA | b_HA | c_HA | d_HA | odds_ratio_HA | FDR_global | FDR_source | primary_significant
Figure6,22B_pathway::10_22B_CROSS_CLASS_convergent_pathways.csv,disk_file,E:/cnv/UCEI_DEEP_RESULTS/22B_EXTERNAL_PATHWAY_ENRICHMENT_FINAL_20260902/10_22B_CROSS_CLASS_convergent_pathways.csv,PASS,data.table/data.frame,0,9,0.003,source | pathway_id | pathway | pid | n_classes | classes | minimum_global_FDR | maximum_overlap | maximum_fold_enrichment
Figure6,22B_pathway::11_22B_descriptive_theme_summary.csv,disk_file,E:/cnv/UCEI_DEEP_RESULTS/22B_EXTERNAL_PATHWAY_ENRICHMENT_FINAL_20260902/11_22B_descriptive_theme_summary.csv,PASS,data.table/data.frame,9,6,0.005,theme | class_id | class_label | significant_pathways | best_FDR | example_pathways
Figure6,22B_pathway::12_22B_FINAL_decision_summary.csv,disk_file,E:/cnv/UCEI_DEEP_RESULTS/22B_EXTERNAL_PATHWAY_ENRICHMENT_FINAL_20260902/12_22B_FINAL_decision_summary.csv,PASS,data.table/data.frame,9,2,0.003,item | value
Figure6,22B_pathway::22B_MSIGDB_7.5.1_COLLECTION_METADATA.csv,disk_file,E:/cnv/UCEI_DEEP_RESULTS/22B_EXTERNAL_PATHWAY_ENRICHMENT_FINAL_20260902/22B_MSIGDB_7.5.1_COLLECTION_METADATA.csv,PASS,data.table/data.frame,4,4,0.002,source | category | subcategory | msigdbr_version
